"Name","Path","Description"
"1099Form","/Epicor10Live/reports/1099Form/1099Form",
"AddtlCommission","/Epicor10Live/reports/Acctg/AddtlCommission",
"ARAgingforBorrowingBase","/Epicor10Live/reports/Acctg/ARAgingforBorrowingBase",
"EngPeriodLaborExport","/Epicor10Live/reports/Acctg/EngPeriodLaborExport",
"EngTimeAudit_Acctg","/Epicor10Live/reports/Acctg/EngTimeAudit_Acctg","ENGINEERING TIME AUDIT REPORT - ACCOUNTING"
"eTimeDataTblFile_Projects","/Epicor10Live/reports/Acctg/eTimeDataTblFile_Projects",
"eTimeListFile","/Epicor10Live/reports/Acctg/eTimeListFile",
"eTimeListFile2","/Epicor10Live/reports/Acctg/eTimeListFile2",
"eTimeListFile3_linkedtoAcctSys","/Epicor10Live/reports/Acctg/eTimeListFile3_linkedtoAcctSys",
"eTimeListFile4","/Epicor10Live/reports/Acctg/eTimeListFile4",
"JournalSummaryForQtrReview","/Epicor10Live/reports/Acctg/JournalSummaryForQtrReview",
"NYMTATaxNYGrossShipmentswithZipCode","/Epicor10Live/reports/Acctg/NYMTATaxNYGrossShipmentswithZipCode",
"Partswithincorrectmtlburrate","/Epicor10Live/reports/Acctg/Partswithincorrectmtlburrate",
"PeriodDirectLabo-Mfg","/Epicor10Live/reports/Acctg/PeriodDirectLabo-Mfg",
"POswithacmsmis chargecode","/Epicor10Live/reports/Acctg/POswithacmsmis chargecode",
"ShipbyState_InvoiceDetalExport","/Epicor10Live/reports/Acctg/ShipbyState_InvoiceDetalExport",
"ShipbyState_ShipToExport","/Epicor10Live/reports/Acctg/ShipbyState_ShipToExport",
"VerifySignOff","/Epicor10Live/reports/Acctg/VerifySignOff",
"Yearend_Vacation_Accrual_Export","/Epicor10Live/reports/Acctg/Yearend_Vacation_Accrual_Export",
"z_148001 ShopE#Labor","/Epicor10Live/reports/Acctg/z_148001 ShopE#Labor",
"z_148001ADetail","/Epicor10Live/reports/Acctg/z_148001ADetail",
"z_TempMfgLabor","/Epicor10Live/reports/Acctg/z_TempMfgLabor",
"ActCostAlloc","/Epicor10Live/reports/ActCostAlloc/ActCostAlloc",
"AdvPayBal","/Epicor10Live/reports/AdvPayBal/AdvPayBal",
"AGARForm","/Epicor10Live/reports/AG/AGARInvoiceForm/AGARForm",
"AGARForm_Taxes","/Epicor10Live/reports/AG/AGARInvoiceForm/AGARForm_Taxes",
"AGPackSlip","/Epicor10Live/reports/AG/AGPackingSlip/AGPackSlip",
"AGWithholdCert","/Epicor10Live/reports/AG/AGTaxCertificate/AGWithholdCert",
"AGVATPurchase","/Epicor10Live/reports/AG/AGVATPurchase/AGVATPurchase",
"AGVATSales","/Epicor10Live/reports/AG/AGVATSales/AGVATSales",
"AgdPay","/Epicor10Live/reports/AgedPayablesReport/AgdPay",
"AgdRcv","/Epicor10Live/reports/AgedReceivablesReport/AgdRcv",
"AgdRcv_2","/Epicor10Live/reports/AgedReceivablesReport/AgdRcv_2",
"AgdRcv_3","/Epicor10Live/reports/AgedReceivablesReport/AgdRcv_3",
"AgdRcv_3V2","/Epicor10Live/reports/AgedReceivablesReport/AgdRcv_3V2",
"AgdRcv_4","/Epicor10Live/reports/AgedReceivablesReport/AgdRcv_4",
"ARPromissoryNote","/Epicor10Live/reports/AgedReceivablesReport/ARPromissoryNote",
"ProjManager","/Epicor10Live/reports/AgedReceivablesReport/ProjManager",
"AllocEditList","/Epicor10Live/reports/AllocEditReport/AllocEditList",
"AnnualJournal","/Epicor10Live/reports/AnnualJournal/AnnualJournal",
"APBankFileImp","/Epicor10Live/reports/APBankFileImp/APBankFileImp",
"APDebitMemo","/Epicor10Live/reports/APDebitMemo/APDebitMemo",
"DARpt","/Epicor10Live/reports/APDiscountAnalysisReport/DARpt",
"APExtDistb","/Epicor10Live/reports/APExpenseDistribution/APExtDistb",
"APInvBal","/Epicor10Live/reports/APInvBal/APInvBal",
"GLSummary","/Epicor10Live/reports/APInvBal/GLSummary",
"OneTimeName","/Epicor10Live/reports/APInvBal/OneTimeName",
"PeriodBalance","/Epicor10Live/reports/APInvBal/PeriodBalance",
"PIDetail","/Epicor10Live/reports/APInvBal/PIDetail",
"PIPaymentDetail","/Epicor10Live/reports/APInvBal/PIPaymentDetail",
"PITotalGroup","/Epicor10Live/reports/APInvBal/PITotalGroup",
"APEdit","/Epicor10Live/reports/APInvoiceEditList/APEdit",
"APEdit_Recap","/Epicor10Live/reports/APInvoiceEditList/APEdit_Recap",
"APLOC","/Epicor10Live/reports/APLetterofCredit/APLOC",
"APPromNotesEdit","/Epicor10Live/reports/APPaymentInstrumentEditList/APPromNotesEdit",
"APPromNotesEdit_GLRecap","/Epicor10Live/reports/APPaymentInstrumentEditList/APPromNotesEdit_GLRecap",
"APPromNote","/Epicor10Live/reports/APPaymentInstruments/APPromNote",
"APPromNoteCheck","/Epicor10Live/reports/APPaymentInstruments/APPromNoteCheck",
"APPromNoteCheck_Dtls","/Epicor10Live/reports/APPaymentInstruments/APPromNoteCheck_Dtls",
"APRecNotInv","/Epicor10Live/reports/APRecNotInv/APRecNotInv",
"1099-miscForm2024","/Epicor10Live/reports/AquaCustom/1099-misc/1099-miscForm2024",
"1099-miscHome","/Epicor10Live/reports/AquaCustom/1099-misc/1099-miscHome",
"All1099-BlankForm2024","/Epicor10Live/reports/AquaCustom/1099-misc/All1099-BlankForm2024",
"All1099-miscForm2024","/Epicor10Live/reports/AquaCustom/1099-misc/All1099-miscForm2024",
"Vendor1099-BlankForm2024","/Epicor10Live/reports/AquaCustom/1099-misc/Vendor1099-BlankForm2024",
"VendorList1099","/Epicor10Live/reports/AquaCustom/1099-misc/VendorList1099",
"VendorList1099HardCopy","/Epicor10Live/reports/AquaCustom/1099-misc/VendorList1099HardCopy",
"AGS_Design_Report","/Epicor10Live/reports/AquaCustom/AGS_Design_Report",
"Analysis-TgtBidTracking","/Epicor10Live/reports/AquaCustom/Analysis-TgtBidTracking",
"APDAftermarketDesignSearch","/Epicor10Live/reports/AquaCustom/APDAftermarketDesignSearch",
"APDDesignDetail","/Epicor10Live/reports/AquaCustom/APDDesignDetail",
"Reports1a-3aTargetByBookingPeriod_12232024_backup","/Epicor10Live/reports/AquaCustom/backup/Reports1a-3aTargetByBookingPeriod_12232024_backup",
"Reports1a-3aTargetByBookingPeriod-NeedsFixed-04222025","/Epicor10Live/reports/AquaCustom/backup/Reports1a-3aTargetByBookingPeriod-NeedsFixed-04222025",
"BOLBlank","/Epicor10Live/reports/AquaCustom/BillOfLading/BOLBlank",
"BOLLabel","/Epicor10Live/reports/AquaCustom/BillOfLading/BOLLabel",
"BOLSheet","/Epicor10Live/reports/AquaCustom/BillOfLading/BOLSheet",
"BillToCustomerOrderTracker","/Epicor10Live/reports/AquaCustom/BillToCustomerOrderTracker",
"BookingDetailByProduct","/Epicor10Live/reports/AquaCustom/BookingDetailByProduct",
"BookingDetailByRegion","/Epicor10Live/reports/AquaCustom/BookingDetailByRegion",
"BookingSummaryByProduct","/Epicor10Live/reports/AquaCustom/BookingSummaryByProduct",
"BookingSummaryByRegion","/Epicor10Live/reports/AquaCustom/BookingSummaryByRegion",
"BookingSummaryByRegionBsnsUnit","/Epicor10Live/reports/AquaCustom/BookingSummaryByRegionBsnsUnit",
"CommissionsbyARInvoice","/Epicor10Live/reports/AquaCustom/CommissionsbyARInvoice",
"ContainerLabel","/Epicor10Live/reports/AquaCustom/ContainerLabel",
"CustContact","/Epicor10Live/reports/AquaCustom/CustContact",
"DestinationControl","/Epicor10Live/reports/AquaCustom/DestinationControl",
"detail-TgtRegionbyProduct","/Epicor10Live/reports/AquaCustom/detail-TgtRegionbyProduct",
"detail-TgtRegionbyRep","/Epicor10Live/reports/AquaCustom/detail-TgtRegionbyRep",
"EquipLines","/Epicor10Live/reports/AquaCustom/EquipLines",
"IDEALPartswit Locations","/Epicor10Live/reports/AquaCustom/IDEALPartswit Locations",
"IndustrialActivity","/Epicor10Live/reports/AquaCustom/IndustrialActivity",
"LaborPayrollAuditDetail","/Epicor10Live/reports/AquaCustom/LaborPayrollAuditDetail",
"AddItem","/Epicor10Live/reports/AquaCustom/LoadSheet/AddItem",
"BillLandingHome","/Epicor10Live/reports/AquaCustom/LoadSheet/BillLandingHome",
"BOLBlank","/Epicor10Live/reports/AquaCustom/LoadSheet/BOLBlank",
"CustomPackageLabel","/Epicor10Live/reports/AquaCustom/LoadSheet/CustomPackageLabel",
"JobItems","/Epicor10Live/reports/AquaCustom/LoadSheet/JobItems",
"LoadSheet","/Epicor10Live/reports/AquaCustom/LoadSheet/LoadSheet",
"LoadSheetLabel","/Epicor10Live/reports/AquaCustom/LoadSheet/LoadSheetLabel",
"LoadSheettest","/Epicor10Live/reports/AquaCustom/LoadSheet/LoadSheettest",
"MembranePuronModules","/Epicor10Live/reports/AquaCustom/MembranePuronModules",
"3yrMinInventoryOnHand","/Epicor10Live/reports/AquaCustom/MinimumInventory/3yrMinInventoryOnHand",
"ALLMinInventoryDateRange","/Epicor10Live/reports/AquaCustom/MinimumInventory/ALLMinInventoryDateRange",
"ALLMinInventoryOnHand","/Epicor10Live/reports/AquaCustom/MinimumInventory/ALLMinInventoryOnHand",
"InventoryOnHandPerPart","/Epicor10Live/reports/AquaCustom/MinimumInventory/InventoryOnHandPerPart",
"MinInventoryOnHand","/Epicor10Live/reports/AquaCustom/MinimumInventory/MinInventoryOnHand",
"MinInventoryOnHandbackup042424","/Epicor10Live/reports/AquaCustom/MinimumInventory/MinInventoryOnHandbackup042424",
"PurchaseHistory","/Epicor10Live/reports/AquaCustom/MinimumInventory/PurchaseHistory",
"TimePhaseNegPart","/Epicor10Live/reports/AquaCustom/MinimumInventory/TimePhaseNegPart",
"MissingReceipt","/Epicor10Live/reports/AquaCustom/MissingReceipt",
"CeramicSystem","/Epicor10Live/reports/AquaCustom/MultiBoreMembrane/CeramicSystem",
"MultiBoreMembrane","/Epicor10Live/reports/AquaCustom/MultiBoreMembrane/MultiBoreMembrane",
"UltrafiltrationSystem","/Epicor10Live/reports/AquaCustom/MultiBoreMembrane/UltrafiltrationSystem",
"MultipleBins","/Epicor10Live/reports/AquaCustom/MultipleBins",
"NewProjectList","/Epicor10Live/reports/AquaCustom/NewProjectList",
"NewProjectList1","/Epicor10Live/reports/AquaCustom/NewProjectList1",
"OpenJobsByDueDateNew1","/Epicor10Live/reports/AquaCustom/OpenJobsByDueDateNew1",
"OpenPOwith0Lines","/Epicor10Live/reports/AquaCustom/OpenPOwith0Lines",
"Opensalesline","/Epicor10Live/reports/AquaCustom/Opensalesline",
"OpenSalesOrderlines","/Epicor10Live/reports/AquaCustom/OpenSalesOrderlines",
"PackingSlipwShipList","/Epicor10Live/reports/AquaCustom/PackingSlipwShipList",
"PackSlip","/Epicor10Live/reports/AquaCustom/PackSlip",
"PartsBookingsbyDay","/Epicor10Live/reports/AquaCustom/PartsBookingsbyDay",
"PendingBIDS","/Epicor10Live/reports/AquaCustom/PendingBIDS",
"POBuyerWeek","/Epicor10Live/reports/AquaCustom/POBuyerWeek",
"POBuyerWeek1","/Epicor10Live/reports/AquaCustom/POBuyerWeek1",
"POLinesWODMOQ","/Epicor10Live/reports/AquaCustom/POLinesWODMOQ",
"populationbyrepprodcode","/Epicor10Live/reports/AquaCustom/populationbyrepprodcode",
"ProjectLifecycle","/Epicor10Live/reports/AquaCustom/ProjectLifecycle",
"QuoteHedComments","/Epicor10Live/reports/AquaCustom/QuoteHedComments",
"ReceivingPO","/Epicor10Live/reports/AquaCustom/ReceivingPO",
"ReceivingPO_Sub","/Epicor10Live/reports/AquaCustom/ReceivingPO_Sub",
"RentalInvoice","/Epicor10Live/reports/AquaCustom/RentalInvoice",
"Reports #1a-3a Target by Booking Period","/Epicor10Live/reports/AquaCustom/Reports #1a-3a Target by Booking Period",
"Reports1a-3aTargetByBookingPeriod","/Epicor10Live/reports/AquaCustom/Reports1a-3aTargetByBookingPeriod",
"Reports1a-3aTargetByBookingPeriod_12232024_backup","/Epicor10Live/reports/AquaCustom/Reports1a-3aTargetByBookingPeriod_12232024_backup",
"RepReport","/Epicor10Live/reports/AquaCustom/RepReport",
"SalesRep","/Epicor10Live/reports/AquaCustom/SalesRep",
"SalesRepv2","/Epicor10Live/reports/AquaCustom/SalesRepv2",
"ScheduleBacklogDetailbyProduct","/Epicor10Live/reports/AquaCustom/ScheduleBacklogDetailbyProduct",
"ScheduleBacklogDetailByRegion","/Epicor10Live/reports/AquaCustom/ScheduleBacklogDetailByRegion",
"ScheduleBacklogDetailPeriod","/Epicor10Live/reports/AquaCustom/ScheduleBacklogDetailPeriod",
"ScheduleBacklogSummary","/Epicor10Live/reports/AquaCustom/ScheduleBacklogSummary",
"ScheduleForecastByPeriod","/Epicor10Live/reports/AquaCustom/ScheduleForecastByPeriod",
"ScheduleForecastByProduct","/Epicor10Live/reports/AquaCustom/ScheduleForecastByProduct",
"ScheduleForecastByRegion","/Epicor10Live/reports/AquaCustom/ScheduleForecastByRegion",
"ScheduleShippingScheduleByWeek","/Epicor10Live/reports/AquaCustom/ScheduleShippingScheduleByWeek",
"ShipHeadShipDtl","/Epicor10Live/reports/AquaCustom/ShipHeadShipDtl",
"CommercialInvoice","/Epicor10Live/reports/AquaCustom/ShippingDetails/CommercialInvoice",
"COO","/Epicor10Live/reports/AquaCustom/ShippingDetails/COO",
"PLPO","/Epicor10Live/reports/AquaCustom/ShippingDetails/PLPO",
"SLI","/Epicor10Live/reports/AquaCustom/ShippingDetails/SLI",
"TMECCOO","/Epicor10Live/reports/AquaCustom/ShippingDetails/TMECCOO",
"StockStatuswithDemand","/Epicor10Live/reports/AquaCustom/StockStatuswithDemand",
"Summary-TgtbyProduct","/Epicor10Live/reports/AquaCustom/Summary-TgtbyProduct",
"SupplierCode","/Epicor10Live/reports/AquaCustom/SupplierCode",
"TgtbyProdbyShipDate","/Epicor10Live/reports/AquaCustom/TgtbyProdbyShipDate",
"tgtbyshipDate","/Epicor10Live/reports/AquaCustom/tgtbyshipDate",
"tgtbyshipdtbyestbkgpdOZONE","/Epicor10Live/reports/AquaCustom/tgtbyshipdtbyestbkgpdOZONE",
"TimePhaseRunDate","/Epicor10Live/reports/AquaCustom/TimePhaseRunDate",
"TrackSales","/Epicor10Live/reports/AquaCustom/TrackSales",
"userlistGroup","/Epicor10Live/reports/AquaCustom/userlistGroup",
"WorkbenchBOM","/Epicor10Live/reports/AquaCustom/WorkbenchBOM",
"ARAdvBillDepRep","/Epicor10Live/reports/ARAdvBillDepRep/ARAdvBillDepRep",
"ARBankRemittSlip","/Epicor10Live/reports/ARBankRemittSlip/ARBankRemittSlip",
"ARDiscAnalysis","/Epicor10Live/reports/ARDiscountAnalysisReport/ARDiscAnalysis",
"AllocDeposits","/Epicor10Live/reports/AREinvoiceForm/AllocDeposits",
"ARForm","/Epicor10Live/reports/AREinvoiceForm/ARForm",
"ARForm_CashDiscountInfo","/Epicor10Live/reports/AREinvoiceForm/ARForm_CashDiscountInfo",
"ARForm_Fin Charges","/Epicor10Live/reports/AREinvoiceForm/ARForm_Fin Charges",
"ARForm_kits","/Epicor10Live/reports/AREinvoiceForm/ARForm_kits",
"ARForm_MultiPayment_Details","/Epicor10Live/reports/AREinvoiceForm/ARForm_MultiPayment_Details",
"ARForm_Taxes","/Epicor10Live/reports/AREinvoiceForm/ARForm_Taxes",
"ARForm2","/Epicor10Live/reports/AREinvoiceForm/ARForm2",
"ARForm3","/Epicor10Live/reports/AREinvoiceForm/ARForm3",
"ARForm3_Commission","/Epicor10Live/reports/AREinvoiceForm/ARForm3_Commission",
"ARForm3_CommissionNoLogo","/Epicor10Live/reports/AREinvoiceForm/ARForm3_CommissionNoLogo",
"ARForm3_NoLogo","/Epicor10Live/reports/AREinvoiceForm/ARForm3_NoLogo",
"Commission_Sub","/Epicor10Live/reports/AREinvoiceForm/Commission_Sub",
"ARInvBal","/Epicor10Live/reports/ARInvoiceBalance/ARInvBal",
"PIDetail","/Epicor10Live/reports/ARInvoiceBalance/PIDetail",
"PIPaymentDetail","/Epicor10Live/reports/ARInvoiceBalance/PIPaymentDetail",
"PITotalGroup","/Epicor10Live/reports/ARInvoiceBalance/PITotalGroup",
"AREdit","/Epicor10Live/reports/ARInvoiceEditList/AREdit",
"AREdit_FiscalSum","/Epicor10Live/reports/ARInvoiceEditList/AREdit_FiscalSum",
"AREdit_Recap","/Epicor10Live/reports/ARInvoiceEditList/AREdit_Recap",
"AREdit_SalesTax","/Epicor10Live/reports/ARInvoiceEditList/AREdit_SalesTax",
"AllocDeposits","/Epicor10Live/reports/ARInvoiceForm/AllocDeposits",
"ARForm","/Epicor10Live/reports/ARInvoiceForm/ARForm",
"ARForm_CashDiscountInfo","/Epicor10Live/reports/ARInvoiceForm/ARForm_CashDiscountInfo",
"ARForm_Fin Charges","/Epicor10Live/reports/ARInvoiceForm/ARForm_Fin Charges",
"ARForm_kits","/Epicor10Live/reports/ARInvoiceForm/ARForm_kits",
"ARForm_MultiPayment_Details","/Epicor10Live/reports/ARInvoiceForm/ARForm_MultiPayment_Details",
"ARForm_Taxes","/Epicor10Live/reports/ARInvoiceForm/ARForm_Taxes",
"ARLOC","/Epicor10Live/reports/ARLetterofCredit/ARLOC",
"ARPayInstrument","/Epicor10Live/reports/ARPayInstrumentReport/ARPayInstrument",
"ARPromNote","/Epicor10Live/reports/ARPaymentInstruments/ARPromNote",
"ARPromNotesEdit","/Epicor10Live/reports/ARPaymentInstrumentsEditList/ARPromNotesEdit",
"ARPromNotesEdit_ARPNDetail","/Epicor10Live/reports/ARPaymentInstrumentsEditList/ARPromNotesEdit_ARPNDetail",
"ARPromNotesEdit_GLRecap","/Epicor10Live/reports/ARPaymentInstrumentsEditList/ARPromNotesEdit_GLRecap",
"ARProcPaym","/Epicor10Live/reports/ARPaymentList/ARProcPaym",
"ARForm_MultiPayment_Details","/Epicor10Live/reports/ARPBForm/ARForm_MultiPayment_Details",
"ARPBForm","/Epicor10Live/reports/ARPBForm/ARPBForm",
"Taxes","/Epicor10Live/reports/ARPBForm/Taxes",
"ARRecBalance","/Epicor10Live/reports/ARRecBalance/ARRecBalance",
"ARRemittSlip","/Epicor10Live/reports/ARRemittSlip/ARRemittSlip",
"ARShipNotInv","/Epicor10Live/reports/ARShipNotInv/ARShipNotInv",
"AssetAnnualSchedule","/Epicor10Live/reports/AssetAnnualSchedule/AssetAnnualSchedule",
"AssetDeprecia","/Epicor10Live/reports/AssetDepreciaReport/AssetDeprecia",
"AssetOverview","/Epicor10Live/reports/AssetDepreciationLists/AssetOverview",
"AssetEditList","/Epicor10Live/reports/AssetEditList/AssetEditList",
"AssetEditList_GLRecap","/Epicor10Live/reports/AssetEditList/AssetEditList_GLRecap",
"AssetLabel","/Epicor10Live/reports/AssetLabelReport/AssetLabel",
"AllocDeposits","/Epicor10Live/reports/AU/AUARInvoiceForm/AllocDeposits",
"ARForm","/Epicor10Live/reports/AU/AUARInvoiceForm/ARForm",
"ARForm_Bank","/Epicor10Live/reports/AU/AUARInvoiceForm/ARForm_Bank",
"ARForm_CustomerDetails","/Epicor10Live/reports/AU/AUARInvoiceForm/ARForm_CustomerDetails",
"ARForm_Misc Charges","/Epicor10Live/reports/AU/AUARInvoiceForm/ARForm_Misc Charges",
"AU-APRemit","/Epicor10Live/reports/AU/AUPaymentRemittanceAdvice/AU-APRemit",
"AU-ChkPrint","/Epicor10Live/reports/AU/AUProcessPayments/AU-ChkPrint",
"AUTaxBoxRpt","/Epicor10Live/reports/AU/AUTaxBoxRpt/AUTaxBoxRpt",
"BankAdjEdit","/Epicor10Live/reports/BankAdjustmentEditList/BankAdjEdit",
"BankAdjEdit_GLRecap","/Epicor10Live/reports/BankAdjustmentEditList/BankAdjEdit_GLRecap",
"BankReconEdit","/Epicor10Live/reports/BankReconEditReport/BankReconEdit",
"BankReconEdit_GLRecap","/Epicor10Live/reports/BankReconEditReport/BankReconEdit_GLRecap",
"bankrecrecap","/Epicor10Live/reports/Bankrecrecap/bankrecrecap",
"BENAERpt","/Epicor10Live/reports/BE/BENAERpt/BENAERpt",
"BESalesDomestic","/Epicor10Live/reports/BE/BESalesDomestic/BESalesDomestic",
"BESalesIntracom","/Epicor10Live/reports/BE/BESalesIntracom/BESalesIntracom",
"BEVATTaxDecl","/Epicor10Live/reports/BE/BEVATTaxDecl/BEVATTaxDecl",
"BOL","/Epicor10Live/reports/BillOfLading/BOL",
"BOMListing","/Epicor10Live/reports/BillOfMaterialReport/BOMListing",
"BOMListing_RefDes","/Epicor10Live/reports/BillOfMaterialReport/BOMListing_RefDes",
"RefDesBomRpt","/Epicor10Live/reports/BOMByReferenceDesignator/RefDesBomRpt",
"RefDesBomRpt_JobMtlRefDes","/Epicor10Live/reports/BOMByReferenceDesignator/RefDesBomRpt_JobMtlRefDes",
"RefDesBomRpt_PartMtlRefDes","/Epicor10Live/reports/BOMByReferenceDesignator/RefDesBomRpt_PartMtlRefDes",
"RefDesBomRpt_QuoteMtlRefDes","/Epicor10Live/reports/BOMByReferenceDesignator/RefDesBomRpt_QuoteMtlRefDes",
"BOMCost","/Epicor10Live/reports/BOMCost/BOMCost",
"subrptBOMCost2","/Epicor10Live/reports/BOMCost/subrptBOMCost2",
"SubRSingle","/Epicor10Live/reports/BOMCost/SubRSingle",
"BOMResAv","/Epicor10Live/reports/BOMResAv/BOMResAv",
"GLBook","/Epicor10Live/reports/BookListingReport/GLBook",
"BookVoucher","/Epicor10Live/reports/BookVoucher/BookVoucher",
"BookVoucherFC","/Epicor10Live/reports/BookVoucherFC/BookVoucherFC",
"CalcABC","/Epicor10Live/reports/CalculateABCCodesReport/CalcABC",
"ServCall","/Epicor10Live/reports/CallTicket/ServCall",
"ServCall_Materials","/Epicor10Live/reports/CallTicket/ServCall_Materials",
"ServCall_Operations","/Epicor10Live/reports/CallTicket/ServCall_Operations",
"ServCall_SubComponents","/Epicor10Live/reports/CallTicket/ServCall_SubComponents",
"CshREdit","/Epicor10Live/reports/CashReceiptsEditList/CshREdit",
"CshREdit_Recap","/Epicor10Live/reports/CashReceiptsEditList/CshREdit_Recap",
"CCInvMovmnt","/Epicor10Live/reports/CCInvMovmntReport/CCInvMovmnt",
"CCPCIDCountRpt","/Epicor10Live/reports/CCPCIDCountReport/CCPCIDCountRpt",
"ChartOfAccounts","/Epicor10Live/reports/ChartOfAccountsListing/ChartOfAccounts",
"COA","/Epicor10Live/reports/ChartOfAccountsListing/COA",
"COADev","/Epicor10Live/reports/ChartOfAccountsListing/COADev",
"COADev2","/Epicor10Live/reports/ChartOfAccountsListing/COADev2",
"COADevSub","/Epicor10Live/reports/ChartOfAccountsListing/COADevSub",
"COADevSub2","/Epicor10Live/reports/ChartOfAccountsListing/COADevSub2",
"CheckRegister","/Epicor10Live/reports/CheckRegister/CheckRegister",
"ChgLogReport","/Epicor10Live/reports/ChgLogReport/ChgLogReport",
"CN-AssetDeprecia","/Epicor10Live/reports/CN/CN-AssetDeprecia/CN-AssetDeprecia",
"CN-BalSheet","/Epicor10Live/reports/CN/CN-BalSheet/CN-BalSheet",
"CN-BalSheet2019","/Epicor10Live/reports/CN/CN-BalSheet/CN-BalSheet2019",
"CN-BookVoucher","/Epicor10Live/reports/CN/CN-BookVoucher/CN-BookVoucher",
"CN-BookVoucherFC","/Epicor10Live/reports/CN/CN-BookVoucherFC/CN-BookVoucherFC",
"CN-BookVoucherGZ","/Epicor10Live/reports/CN/CN-BookVoucherGZ/CN-BookVoucherGZ",
"CN-CashBalances","/Epicor10Live/reports/CN/CN-CashBalances/CN-CashBalances",
"CN-CustomsFGBal","/Epicor10Live/reports/CN/CN-CustomsFGBal/CN-CustomsFGBal",
"CN-CustomsMtlBal","/Epicor10Live/reports/CN/CN-CustomsMtlBal/CN-CustomsMtlBal",
"CN-FARpt","/Epicor10Live/reports/CN/CN-FARpt/CN-FARpt",
"CN-FAssetRpt","/Epicor10Live/reports/CN/CN-FAssetRpt/CN-FAssetRpt",
"CN-StructTrialBal","/Epicor10Live/reports/CN/CN-GLStructTrialBal/CN-StructTrialBal",
"CN-SummaryTotals","/Epicor10Live/reports/CN/CN-GLStructTrialBal/CN-SummaryTotals",
"CNGTIStatus","/Epicor10Live/reports/CN/CNGTIStatus/CNGTIStatus",
"CN-HandbookDtl","/Epicor10Live/reports/CN/CN-HandbookDtl/CN-HandbookDtl",
"CN-ImpAssetList","/Epicor10Live/reports/CN/CN-ImpAssetList/CN-ImpAssetList",
"CN-ImportExport","/Epicor10Live/reports/CN/CN-ImportExport/CN-ImportExport",
"CN-IncStmt","/Epicor10Live/reports/CN/CN-IncStmt/CN-IncStmt",
"CN-IncStmt2019","/Epicor10Live/reports/CN/CN-IncStmt/CN-IncStmt2019",
"CN-BookVoucherGZFC","/Epicor10Live/reports/CN/CN-BookVoucherGZFC/CN-BookVoucherGZFC",
"CN-JournalLedger","/Epicor10Live/reports/CN/CN-JournalLedger/CN-JournalLedger",
"CN-PRRpt","/Epicor10Live/reports/CN/CN-PRRpt/CN-PRRpt",
"POForm","/Epicor10Live/reports/CN/CN-PurchaseOrderForm/POForm",
"POForm_PORelPart","/Epicor10Live/reports/CN/CN-PurchaseOrderForm/POForm_PORelPart",
"CN-StockAgingReport","/Epicor10Live/reports/CN/CN-StockAgingReport/CN-StockAgingReport",
"CN-StockMoveReport","/Epicor10Live/reports/CN/CN-StockMoveReport/CN-StockMoveReport",
"CN-GeneralLedger","/Epicor10Live/reports/CN/CN-GeneralLedger/CN-GeneralLedger",
"CN-SubLedgerFC","/Epicor10Live/reports/CN/CN-SubLedgerFC/CN-SubLedgerFC",
"CN-TPRpt","/Epicor10Live/reports/CN/CN-TPRpt/CN-TPRpt",
"COAssetOverview","/Epicor10Live/reports/CO/COAssetOverview/COAssetOverview",
"COAuxiliarIVA","/Epicor10Live/reports/CO/COAuxiliarIVA/COAuxiliarIVA",
"CN-CashFlow","/Epicor10Live/reports/CN/CN-CashFlow/CN-CashFlow",
"COGLAuxRep","/Epicor10Live/reports/CO/COGLAuxRep/COGLAuxRep",
"COIFRSInventory","/Epicor10Live/reports/CO/COIFRSInventory/COIFRSInventory",
"COInvoicingReport","/Epicor10Live/reports/CO/COInvoicingReport/COInvoicingReport",
"COJournal","/Epicor10Live/reports/CO/COJournal/COJournal",
"COJournalSummary","/Epicor10Live/reports/CO/COJournalSummary/COJournalSummary",
"ColCashRec","/Epicor10Live/reports/CO/ColCashRec/ColCashRec",
"ColCertificates","/Epicor10Live/reports/CO/ColCertificates/ColCertificates",
"CN-SubLedger","/Epicor10Live/reports/CN/CN-SubLedger/CN-SubLedger",
"CN-ProfitRpt","/Epicor10Live/reports/CN/CN-ProfitRpt/CN-ProfitRpt",
"ColJrnlRec","/Epicor10Live/reports/CO/ColJrnlRec/ColJrnlRec",
"ColKardex","/Epicor10Live/reports/CO/ColKardex/ColKardex",
"SubClassName","/Epicor10Live/reports/CO/ColKardex/SubClassName",
"SubPartDescription","/Epicor10Live/reports/CO/ColKardex/SubPartDescription",
"SubPlantName","/Epicor10Live/reports/CO/ColKardex/SubPlantName",
"CONPV","/Epicor10Live/reports/CO/CONPV/CONPV",
"CORevelation","/Epicor10Live/reports/CO/CORevelation/CORevelation",
"COSupportDocument","/Epicor10Live/reports/CO/COSupportDocument/COSupportDocument",
"COWithholdCert","/Epicor10Live/reports/CO/COTaxCertificate/COWithholdCert",
"ConsPickTicket","/Epicor10Live/reports/ConsolidatedPickTicket/ConsPickTicket",
"ContShipStatus","/Epicor10Live/reports/ContainerShipmentStatusReport/ContShipStatus",
"InvCostAdj","/Epicor10Live/reports/CostAdjustmentReport/InvCostAdj",
"CostWBGroup","/Epicor10Live/reports/CostWBGroup/CostWBGroup",
"CostWBGroupOperations","/Epicor10Live/reports/CostWBGroup/CostWBGroupOperations",
"CostWBGroupParts","/Epicor10Live/reports/CostWBGroup/CostWBGroupParts",
"CostWBGroupResource","/Epicor10Live/reports/CostWBGroup/CostWBGroupResource",
"CostWBInternal","/Epicor10Live/reports/CostWBInternal/CostWBInternal",
"CostWBUnapprvd","/Epicor10Live/reports/CostWBUnapprvd/CostWBUnapprvd",
"CCAccuracyRpt","/Epicor10Live/reports/CountAccuracyReport/CCAccuracyRpt",
"COBalanceInv","/Epicor10Live/reports/CO/COBalanceInv/COBalanceInv",
"ColGLTBRpt","/Epicor10Live/reports/CO/ColGLTBRpt/ColGLTBRpt",
"ColGLedger","/Epicor10Live/reports/CO/ColGLedger/ColGLedger",
"CCPartsNotPosted","/Epicor10Live/reports/CountPartsNotPosted/CCPartsNotPosted",
"CntVar","/Epicor10Live/reports/CountVarianceReport/CntVar",
"CntVar","/Epicor10Live/reports/CountVarianceSerialNReport/CntVar",
"CreditCardRpt","/Epicor10Live/reports/CreditCardReport/CreditCardRpt",
"CurrencyAccount","/Epicor10Live/reports/CurrencyAccountReport/CurrencyAccount",
"CurrencyRevalueRpt","/Epicor10Live/reports/CurrencyRevalueRpt/CurrencyRevalueRpt",
"CustomerPeriodBalance","/Epicor10Live/reports/CustomerPeriodBalance/CustomerPeriodBalance",
"1099letter","/Epicor10Live/reports/CustomReports/1099letter",
"2ATgtbyShipDt2","/Epicor10Live/reports/CustomReports/2ATgtbyShipDt2",
"ACHCertificate1","/Epicor10Live/reports/CustomReports/ACHCertificate1",
"ACHCertificate2","/Epicor10Live/reports/CustomReports/ACHCertificate2",
"ACHCertificates","/Epicor10Live/reports/CustomReports/ACHCertificates",
"AgdRcv_3","/Epicor10Live/reports/CustomReports/AgedReceivablesReport/AgdRcv_3",
"APDDesignDetail","/Epicor10Live/reports/CustomReports/APDDesignDetail",
"APDDesignSearch","/Epicor10Live/reports/CustomReports/APDDesignSearch",
"APDProjectSchedulebyUser","/Epicor10Live/reports/CustomReports/APDProjectSchedulebyUser",
"ApplicationTypeReport","/Epicor10Live/reports/CustomReports/ApplicationTypeReport","Converted By: Crystal Migration Services, support@crystalmigrater.com"
"AllocDeposits","/Epicor10Live/Reports/CustomReports/AREInvoiceForm/AllocDeposits",
"ARForm_CashDiscountInfo","/Epicor10Live/Reports/CustomReports/AREInvoiceForm/ARForm_CashDiscountInfo",
"ARForm_Fin Charges","/Epicor10Live/Reports/CustomReports/AREInvoiceForm/ARForm_Fin Charges",
"ARForm_kits","/Epicor10Live/Reports/CustomReports/AREInvoiceForm/ARForm_kits",
"ARForm_MultiPayment_Details","/Epicor10Live/Reports/CustomReports/AREInvoiceForm/ARForm_MultiPayment_Details",
"ARForm_Taxes","/Epicor10Live/Reports/CustomReports/AREInvoiceForm/ARForm_Taxes",
"ARForm3","/Epicor10Live/Reports/CustomReports/AREInvoiceForm/ARForm3",
"ARForm3_NoLogo","/Epicor10Live/reports/CustomReports/AREInvoiceForm/ARForm3_NoLogo",
"AllocDeposits","/Epicor10Live/Reports/CustomReports/ARInvoiceForm/AllocDeposits",
"ARForm","/Epicor10Live/Reports/CustomReports/ARInvoiceForm/ARForm",
"ARForm_CashDiscountInfo","/Epicor10Live/Reports/CustomReports/ARInvoiceForm/ARForm_CashDiscountInfo",
"ARForm_Fin Charges","/Epicor10Live/Reports/CustomReports/ARInvoiceForm/ARForm_Fin Charges",
"ARForm_kits","/Epicor10Live/Reports/CustomReports/ARInvoiceForm/ARForm_kits",
"ARForm_MultiPayment_Details","/Epicor10Live/Reports/CustomReports/ARInvoiceForm/ARForm_MultiPayment_Details",
"ARForm_Taxes","/Epicor10Live/Reports/CustomReports/ARInvoiceForm/ARForm_Taxes",
"ARForm_MultiPayment_Details","/Epicor10Live/reports/CustomReports/ARPBForm/ARForm_MultiPayment_Details",
"ARPBForm","/Epicor10Live/reports/CustomReports/ARPBForm/ARPBForm",
"CustComplianceReport_ShipRestrictions","/Epicor10Live/reports/CustomerRestrictionsReport/CustComplianceReport_ShipRestrictions",
"CustComplianceReport_CustomerRestrictions","/Epicor10Live/reports/CustomerRestrictionsReport/CustComplianceReport_CustomerRestrictions",
"CustComplianceReport","/Epicor10Live/reports/CustomerRestrictionsReport/CustComplianceReport",
"Taxes","/Epicor10Live/reports/CustomReports/ARPBForm/Taxes",
"ARWithBal","/Epicor10Live/reports/CustomReports/ARWithBal",
"BAQReport","/Epicor10Live/reports/CustomReports/BAQReport",
"BINTracker","/Epicor10Live/reports/CustomReports/BINTracker",
"CntVar","/Epicor10Live/reports/CustomReports/CountVarianceReport/CntVar",
"CustBankLetter","/Epicor10Live/reports/CustomReports/CustBankLetter",
"CustBankLetter1","/Epicor10Live/reports/CustomReports/CustBankLetter1",
"CustBankLetterE","/Epicor10Live/reports/CustomReports/CustBankLetterE",
"PrntSheets","/Epicor10Live/reports/CustomReports/CycleCountSheets/PrntSheets",
"PrntTags","/Epicor10Live/reports/CustomReports/CycleCountTags/PrntTags",
"EngChangeOrder","/Epicor10Live/reports/CustomReports/EngChangeOrder",
"EngChangeOrder_10","/Epicor10Live/reports/CustomReports/EngChangeOrder_10",
"EngChangeOrder_2","/Epicor10Live/reports/CustomReports/EngChangeOrder_2",
"EngChangeOrder_3","/Epicor10Live/reports/CustomReports/EngChangeOrder_3",
"EngChangeOrder_4","/Epicor10Live/reports/CustomReports/EngChangeOrder_4",
"EngChangeOrder_5","/Epicor10Live/reports/CustomReports/EngChangeOrder_5",
"EngChangeOrder_6","/Epicor10Live/reports/CustomReports/EngChangeOrder_6",
"EngChangeOrder_7","/Epicor10Live/reports/CustomReports/EngChangeOrder_7",
"EngChangeOrder_8","/Epicor10Live/reports/CustomReports/EngChangeOrder_8",
"EngChangeOrder_9","/Epicor10Live/reports/CustomReports/EngChangeOrder_9",
"EngChangeOrder_9_ExcelDataOnly","/Epicor10Live/reports/CustomReports/EngChangeOrder_9_ExcelDataOnly",
"EngChangeOrder_9test","/Epicor10Live/reports/CustomReports/EngChangeOrder_9test",
"EngChangeOrder_Notice","/Epicor10Live/reports/CustomReports/EngChangeOrder_Notice",
"EngChangeOrder_Notice_2","/Epicor10Live/reports/CustomReports/EngChangeOrder_Notice_2",
"EngChangeOrder_Notice_3","/Epicor10Live/reports/CustomReports/EngChangeOrder_Notice_3",
"EngChangeOrder_Notice_4","/Epicor10Live/reports/CustomReports/EngChangeOrder_Notice_4",
"EngChangeOrder_Notice_4_ExcelDataOnly","/Epicor10Live/reports/CustomReports/EngChangeOrder_Notice_4_ExcelDataOnly",
"EngChangeOrder_Notice_4test","/Epicor10Live/reports/CustomReports/EngChangeOrder_Notice_4test",
"EngPrjSchDate","/Epicor10Live/reports/CustomReports/EngPrjSchDate",
"EngPrjSchDate_2","/Epicor10Live/reports/CustomReports/EngPrjSchDate_2",
"EngPrjSchDate_3","/Epicor10Live/reports/CustomReports/EngPrjSchDate_3",
"EngPrjSchDate_3test","/Epicor10Live/reports/CustomReports/EngPrjSchDate_3test",
"EngPrjSchDateSBR_2","/Epicor10Live/reports/CustomReports/EngPrjSchDateSBR_2",
"EngProjectSchedulebyDate","/Epicor10Live/reports/CustomReports/EngProjectSchedulebyDate",
"EngProjectSchedulebyDate_2","/Epicor10Live/reports/CustomReports/EngProjectSchedulebyDate_2",
"EngProjectSchedulebyDateSBR_2","/Epicor10Live/reports/CustomReports/EngProjectSchedulebyDateSBR_2",
"EngTest","/Epicor10Live/reports/CustomReports/EngTest",
"FreeFormLabel_2","/Epicor10Live/reports/CustomReports/FreeFormLabel_2",
"FreeFormLabel_2OLD","/Epicor10Live/reports/CustomReports/FreeFormLabel_2OLD",
"FreeFormLabel_BACKUP","/Epicor10Live/reports/CustomReports/FreeFormLabel_BACKUP",
"Desc","/Epicor10Live/reports/CustomReports/GeneralLedgerReport/Desc",
"GLedger","/Epicor10Live/reports/CustomReports/GeneralLedgerReport/GLedger",
"GLedger_SubTotalLevels","/Epicor10Live/reports/CustomReports/GeneralLedgerReport/GLedger_SubTotalLevels",
"Gledger1","/Epicor10Live/reports/CustomReports/GeneralLedgerReport/Gledger1",
"GledgerDetails","/Epicor10Live/reports/CustomReports/GeneralLedgerReport/GledgerDetails",
"GLedger","/Epicor10Live/reports/CustomReports/GeneralLedgerReport/GLedgertest/GLedger",
"JobLabel","/Epicor10Live/reports/CustomReports/JobLabel",
"JobPickL_2","/Epicor10Live/Reports/CustomReports/JobPickList/JobPickL_2",
"JobPickL_3","/Epicor10Live/reports/CustomReports/JobPickList/JobPickL_3",
"JobPickL_4","/Epicor10Live/reports/CustomReports/JobPickList/JobPickL_4",
"JobPickL_5","/Epicor10Live/reports/CustomReports/JobPickList/JobPickL_5",
"AsmOperQR","/Epicor10Live/reports/CustomReports/JobTraveler/AsmOperQR",
"JobNumQR","/Epicor10Live/reports/CustomReports/JobTraveler/JobNumQR",
"purpoint","/Epicor10Live/reports/CustomReports/JobTraveler/purpoint",
"SubAssemblies","/Epicor10Live/reports/CustomReports/JobTraveler/SubAssemblies",
"Traveler_10","/Epicor10Live/reports/CustomReports/JobTraveler/Traveler_10",
"Traveler_2","/Epicor10Live/Reports/CustomReports/JobTraveler/Traveler_2",
"Traveler_3","/Epicor10Live/reports/CustomReports/JobTraveler/Traveler_3",
"Traveler_4","/Epicor10Live/reports/CustomReports/JobTraveler/Traveler_4",
"Traveler_5","/Epicor10Live/reports/CustomReports/JobTraveler/Traveler_5",
"Traveler_6","/Epicor10Live/reports/CustomReports/JobTraveler/Traveler_6",
"Traveler_7","/Epicor10Live/reports/CustomReports/JobTraveler/Traveler_7",
"Traveler_8","/Epicor10Live/reports/CustomReports/JobTraveler/Traveler_8",
"Traveler_9","/Epicor10Live/reports/CustomReports/JobTraveler/Traveler_9",
"Traveler_9backup02222024","/Epicor10Live/Reports/CustomReports/JobTraveler/Traveler_9backup02222024",
"Traveler_9test","/Epicor10Live/reports/CustomReports/JobTraveler/Traveler_9test",
"Traveler_JobParts","/Epicor10Live/Reports/CustomReports/JobTraveler/Traveler_JobParts",
"Traveler_ParentAssembly","/Epicor10Live/Reports/CustomReports/JobTraveler/Traveler_ParentAssembly",
"Traveler_Qty_Titles_2","/Epicor10Live/Reports/CustomReports/JobTraveler/Traveler_Qty_Titles_2",
"Traveler_Quantities_2","/Epicor10Live/Reports/CustomReports/JobTraveler/Traveler_Quantities_2",
"Traveler_RawMaterialComponents","/Epicor10Live/Reports/CustomReports/JobTraveler/Traveler_RawMaterialComponents",
"Traveler_RawMaterialComponents_2","/Epicor10Live/reports/CustomReports/JobTraveler/Traveler_RawMaterialComponents_2",
"Traveler_Shipping_Schedule","/Epicor10Live/Reports/CustomReports/JobTraveler/Traveler_Shipping_Schedule",
"Traveler_SubComponents","/Epicor10Live/Reports/CustomReports/JobTraveler/Traveler_SubComponents",
"LaborDaily","/Epicor10Live/reports/CustomReports/LaborDaily",
"LPADetail","/Epicor10Live/reports/CustomReports/LPADetail",
"PartTags","/Epicor10Live/reports/CustomReports/MaterialTags/PartTags",
"PartTags-4x3","/Epicor10Live/reports/CustomReports/MaterialTags/PartTags-4x3",
"PartTags-Large","/Epicor10Live/reports/CustomReports/MaterialTags/PartTags-Large",
"PartTags-Small","/Epicor10Live/reports/CustomReports/MaterialTags/PartTags-Small",
"Material","/Epicor10Live/Reports/CustomReports/MethodsMaster/Material",
"MethodsMaster","/Epicor10Live/Reports/CustomReports/MethodsMaster/MethodsMaster",
"Operation","/Epicor10Live/Reports/CustomReports/MethodsMaster/Operation",
"MissingReceipt","/Epicor10Live/reports/CustomReports/MissingReceipt",
"OpenPOwith0Lines","/Epicor10Live/reports/CustomReports/OpenPOwith0Lines",
"Opensalesline","/Epicor10Live/reports/CustomReports/Opensalesline",
"Opensalesline_ExcelDataOnly","/Epicor10Live/reports/CustomReports/Opensalesline_ExcelDataOnly",
"OrderWrite","/Epicor10Live/reports/CustomReports/OrderWrite",
"OrderWrite_Backup","/Epicor10Live/reports/CustomReports/OrderWrite_Backup",
"OrderWriteUp","/Epicor10Live/reports/CustomReports/OrderWriteUp",
"OrderWriteUp_2","/Epicor10Live/reports/CustomReports/OrderWriteUp_2",
"OrderWriteUp_2_Backup_122023-1157","/Epicor10Live/reports/CustomReports/OrderWriteUp_2_Backup_122023-1157",
"OrderWriteUp_5","/Epicor10Live/reports/CustomReports/OrderWriteUp_5",
"OrderWriteUpMisc","/Epicor10Live/reports/CustomReports/OrderWriteUpMisc",
"OrderWriteUpMiscAMS","/Epicor10Live/reports/CustomReports/OrderWriteUpMiscAMS",
"MarkFor","/Epicor10Live/reports/CustomReports/PackingSlip/MarkFor",
"MiscCharges","/Epicor10Live/reports/CustomReports/PackingSlip/MiscCharges",
"PackSlip","/Epicor10Live/reports/CustomReports/PackingSlip/PackSlip",
"PackSlip_1","/Epicor10Live/reports/CustomReports/PackingSlip/PackSlip_1",
"PackSlipInvoice","/Epicor10Live/reports/CustomReports/PackingSlip/PackSlipInvoice",
"PackingSlipwShipList","/Epicor10Live/reports/CustomReports/PackingSlipwShipList",
"PackingWShip","/Epicor10Live/reports/CustomReports/PackingWShip",
"PackingWship_2","/Epicor10Live/reports/CustomReports/PackingWship_2",
"PackingWship_2_backup","/Epicor10Live/reports/CustomReports/PackingWship_2_backup",
"PackingWship_2_test","/Epicor10Live/reports/CustomReports/PackingWship_2_test",
"PackingWship_Backup","/Epicor10Live/reports/CustomReports/PackingWship_Backup",
"PackingWship_backup2","/Epicor10Live/reports/CustomReports/PackingWship_backup2",
"PackingWship_dev","/Epicor10Live/reports/CustomReports/PackingWship_dev",
"PartSearchDesc","/Epicor10Live/reports/CustomReports/PartSearchDesc",
"PartsOrderPastD","/Epicor10Live/reports/CustomReports/PartsOrderPastD",
"APRemit","/Epicor10Live/reports/CustomReports/PaymentRemittanceAdvice/APRemit",
"POLabel","/Epicor10Live/reports/CustomReports/POLabel",
"POLabel_2","/Epicor10Live/reports/CustomReports/POLabel_2",
"POLabel_3","/Epicor10Live/reports/CustomReports/POLabel_3",
"ChkPrint","/Epicor10Live/reports/CustomReports/ProcessPayments/ChkPrint",
"Projectmonitoring","/Epicor10Live/reports/CustomReports/Projectmonitoring",
"ProjectWHold","/Epicor10Live/reports/CustomReports/ProjectWHold",
"ProjectWorkOrderInCompleteAGS","/Epicor10Live/reports/CustomReports/ProjectWorkOrderInCompleteAGS",
"PShipSchedD","/Epicor10Live/reports/CustomReports/PShipSchedD",
"POForm","/Epicor10Live/reports/CustomReports/PurchaseOrderForm/POForm",
"POForm_6","/Epicor10Live/reports/CustomReports/PurchaseOrderForm/POForm_6",
"POForm_BOM","/Epicor10Live/reports/CustomReports/PurchaseOrderForm/POForm_BOM",
"POForm_DrawRev","/Epicor10Live/reports/CustomReports/PurchaseOrderForm/POForm_DrawRev",
"POForm_DtlDrawRev","/Epicor10Live/reports/CustomReports/PurchaseOrderForm/POForm_DtlDrawRev",
"POForm_MfgParts","/Epicor10Live/reports/CustomReports/PurchaseOrderForm/POForm_MfgParts",
"POForm_POHeaderTaxes","/Epicor10Live/reports/CustomReports/PurchaseOrderForm/POForm_POHeaderTaxes",
"POForm_POMiscCharges","/Epicor10Live/reports/CustomReports/PurchaseOrderForm/POForm_POMiscCharges",
"POForm_POMiscChargesLines","/Epicor10Live/reports/CustomReports/PurchaseOrderForm/POForm_POMiscChargesLines",
"POForm_PORelPart","/Epicor10Live/reports/CustomReports/PurchaseOrderForm/POForm_PORelPart",
"POForm_PORelQty","/Epicor10Live/reports/CustomReports/PurchaseOrderForm/POForm_PORelQty",
"POForm_SupplierParts","/Epicor10Live/reports/CustomReports/PurchaseOrderForm/POForm_SupplierParts",
"POFOrmTermandCondition","/Epicor10Live/reports/CustomReports/PurchaseOrderForm/POFOrmTermandCondition",
"TAC","/Epicor10Live/reports/CustomReports/PurchaseOrderForm/TAC",
"purpoint","/Epicor10Live/reports/CustomReports/purpoint",
"ReceiptEntryLabele10DevQR","/Epicor10Live/reports/CustomReports/ReceiptEntryLabele10DevQR",
"ReceiptEntryLabele10DevQRhalf","/Epicor10Live/reports/CustomReports/ReceiptEntryLabele10DevQRhalf",
"RepOrderWriteUp","/Epicor10Live/reports/CustomReports/RepOrderWriteUp",
"RepOrderWriteUp_5","/Epicor10Live/reports/CustomReports/RepOrderWriteUp_5",
"RepOrderWriteUp_5AMS","/Epicor10Live/reports/CustomReports/RepOrderWriteUp_5AMS",
"Reports #1a-3a Target by Booking Period","/Epicor10Live/reports/CustomReports/Reports #1a-3a Target by Booking Period",
"Reports1a-3aTargetByBookingPeriod","/Epicor10Live/reports/CustomReports/Reports1a-3aTargetByBookingPeriod",
"Reports1a-3aTargetByBookingPeriodv2","/Epicor10Live/reports/CustomReports/Reports1a-3aTargetByBookingPeriodv2",
"ReportSelCriteria","/Epicor10Live/Reports/CustomReports/ReportSelCriteria/ReportSelCriteria",
"ReportTemplate","/Epicor10Live/reports/CustomReports/ReportTemplate",
"RMAFormWout","/Epicor10Live/reports/CustomReports/RMAFormWout",
"RMALabel","/Epicor10Live/reports/CustomReports/RMALabel",
"RMAOpenItems_2","/Epicor10Live/reports/CustomReports/RMAOpenItems_2",
"RMAPacking","/Epicor10Live/reports/CustomReports/RMAPacking",
"RMAPacking_Marks","/Epicor10Live/reports/CustomReports/RMAPacking_Marks",
"RotatingMaster","/Epicor10Live/reports/CustomReports/RotatingMaster",
"RotatingMaster_2","/Epicor10Live/reports/CustomReports/RotatingMaster_2",
"RotatingMaster_3","/Epicor10Live/reports/CustomReports/RotatingMaster_3",
"Commission","/Epicor10Live/Reports/CustomReports/RptCommission/Commission",
"SOForm","/Epicor10Live/reports/CustomReports/SalesOrderAcknowledgement/SOForm",
"SOForm_2","/Epicor10Live/reports/CustomReports/SalesOrderAcknowledgement/SOForm_2",
"SOForm_KitComponents","/Epicor10Live/reports/CustomReports/SalesOrderAcknowledgement/SOForm_KitComponents",
"SOForm_subreport","/Epicor10Live/reports/CustomReports/SalesOrderAcknowledgement/SOForm_subreport",
"Contact","/Epicor10Live/reports/CustomReports/SalesOrderPickList/Contact",
"ContactDetails","/Epicor10Live/reports/CustomReports/SalesOrderPickList/ContactDetails",
"orderlineShipComments","/Epicor10Live/reports/CustomReports/SalesOrderPickList/orderlineShipComments",
"SOPickL","/Epicor10Live/Reports/CustomReports/SalesOrderPickList/SOPickL",
"SOPickL_2","/Epicor10Live/reports/CustomReports/SalesOrderPickList/SOPickL_2",
"SOPickL_2backup013124","/Epicor10Live/reports/CustomReports/SalesOrderPickList/SOPickL_2backup013124",
"SOPickL_Backup2020624","/Epicor10Live/Reports/CustomReports/SalesOrderPickList/SOPickL_Backup2020624",
"SOPickL_KitSubReport","/Epicor10Live/Reports/CustomReports/SalesOrderPickList/SOPickL_KitSubReport",
"SOPickL_QtyOnhand","/Epicor10Live/Reports/CustomReports/SalesOrderPickList/SOPickL_QtyOnhand",
"SOPickL_QtyOnHandKits","/Epicor10Live/Reports/CustomReports/SalesOrderPickList/SOPickL_QtyOnHandKits",
"SOPickL_test","/Epicor10Live/reports/CustomReports/SalesOrderPickList/SOPickL_test",
"SOPickL3","/Epicor10Live/reports/CustomReports/SalesOrderPickList/SOPickL3",
"SOPickterms","/Epicor10Live/reports/CustomReports/SalesOrderPickList/SOPickterms",
"SalesRepCert","/Epicor10Live/reports/CustomReports/SalesRepCert",
"SalesRepCert2","/Epicor10Live/reports/CustomReports/SalesRepCert2",
"ShippingDetails","/Epicor10Live/reports/CustomReports/ShippingDetails",
"ShipLabl","/Epicor10Live/reports/CustomReports/ShippingLabels/ShipLabl",
"ShipLabl_1","/Epicor10Live/reports/CustomReports/ShippingLabels/ShipLabl_1",
"SubCPack","/Epicor10Live/reports/CustomReports/SubcontractorPackingSlip/SubCPack",
"SubCPack_1","/Epicor10Live/reports/CustomReports/SubcontractorPackingSlip/SubCPack_1",
"SubCPack_2","/Epicor10Live/reports/CustomReports/SubcontractorPackingSlip/SubCPack_2",
"SubCPack_Save","/Epicor10Live/reports/CustomReports/SubcontractorPackingSlip/SubCPack_Save",
"TargetByShip","/Epicor10Live/reports/CustomReports/TargetByShip",
"Test","/Epicor10Live/reports/CustomReports/Test",
"TestRep1","/Epicor10Live/reports/CustomReports/TestRep1",
"TestV1","/Epicor10Live/reports/CustomReports/TestV1",
"TgtByShipDt","/Epicor10Live/reports/CustomReports/TgtByShipDt",
"TgtByShipDt_2","/Epicor10Live/reports/CustomReports/TgtByShipDt_2",
"TgtByShipDt_3","/Epicor10Live/reports/CustomReports/TgtByShipDt_3",
"TgtByShipDt_4","/Epicor10Live/reports/CustomReports/TgtByShipDt_4",
"TgtByShipDt100_4","/Epicor10Live/reports/CustomReports/TgtByShipDt100_4",
"TgtByShipDt100_5","/Epicor10Live/reports/CustomReports/TgtByShipDt100_5",
"TgtByShipDtReserve_4","/Epicor10Live/reports/CustomReports/TgtByShipDtReserve_4",
"TgtByShipDtReserve_5","/Epicor10Live/reports/CustomReports/TgtByShipDtReserve_5",
"TgtByShipDtWatch_4","/Epicor10Live/reports/CustomReports/TgtByShipDtWatch_4",
"TgtByShipDtWatch_5","/Epicor10Live/reports/CustomReports/TgtByShipDtWatch_5",
"dwg","/Epicor10Live/reports/CustomReports/TimePhasedMaterialRequirements/dwg",
"TimePhase","/Epicor10Live/Reports/CustomReports/TimePhasedMaterialRequirements/TimePhase",
"TimePhase_LotDim","/Epicor10Live/Reports/CustomReports/TimePhasedMaterialRequirements/TimePhase_LotDim",
"TimePhaseheader","/Epicor10Live/Reports/CustomReports/TimePhasedMaterialRequirements/TimePhaseheader",
"UnvoucheredReceipts","/Epicor10Live/reports/CustomReports/UnvoucheredReceipts",
"VendorCert","/Epicor10Live/reports/CustomReports/VendorCert",
"VendorCert2","/Epicor10Live/reports/CustomReports/VendorCert2",
"VendorTaxCert","/Epicor10Live/reports/CustomReports/VendorTaxCert",
"VendorTaxCert2","/Epicor10Live/reports/CustomReports/VendorTaxCert2",
"VOPayablesv2","/Epicor10Live/reports/CustomReports/VOPayablesv2",
"VOPayablesv3","/Epicor10Live/reports/CustomReports/VOPayablesv3",
"WorkbenchBOM","/Epicor10Live/reports/CustomReports/WorkbenchBOM",
"WorkbenchBOM_2","/Epicor10Live/reports/CustomReports/WorkbenchBOM_2",
"WorkbenchBOM_3","/Epicor10Live/reports/CustomReports/WorkbenchBOM_3",
"WorkbenchBOM_3_ExcelDataOnly","/Epicor10Live/reports/CustomReports/WorkbenchBOM_3_ExcelDataOnly",
"CutList","/Epicor10Live/reports/CutListReport/CutList",
"CutList_CutBin","/Epicor10Live/reports/CutListReport/CutList_CutBin",
"CutList_MfgCom","/Epicor10Live/reports/CutListReport/CutList_MfgCom",
"CVXA0041","/Epicor10Live/reports/CVXA0041/CVXA0041",
"CCPartsSel","/Epicor10Live/reports/CycleCountPartsSelectedReport/CCPartsSel",
"CCScheduleRpt","/Epicor10Live/reports/CycleCountScheduleReport/CCScheduleRpt",
"PrntSheets","/Epicor10Live/reports/CycleCountSheets/PrntSheets",
"PrntTags","/Epicor10Live/reports/CycleCountTags/PrntTags",
"CurMonthly","/Epicor10Live/reports/Dashboard/CurMonthly",
"Dashboard","/Epicor10Live/reports/Dashboard/Dashboard",
"OpenJobsByDueDateNew","/Epicor10Live/reports/Dashboard/OpenJobsByDueDateNew",
"PackingSlipwShipList","/Epicor10Live/reports/Dashboard/PackingSlipwShipList",
"RepReport","/Epicor10Live/reports/Dashboard/RepReport",
"DataDictField","/Epicor10Live/reports/DataDictField/DataDictField",
"subFieldsReport","/Epicor10Live/reports/DataDictField/subFieldsReport",
"subIndexReport","/Epicor10Live/reports/DataDictField/subIndexReport",
"DEPartFIFOLayerMovement","/Epicor10Live/reports/DE/DEPartFIFOLayerMovement/DEPartFIFOLayerMovement",
"DEPartFIFOMovement","/Epicor10Live/reports/DE/DEPartFIFOMovement/DEPartFIFOMovement",
"DE-Z10","/Epicor10Live/reports/DE/DE-Z10/DE-Z10",
"DE-Z10-itemized","/Epicor10Live/reports/DE/DE-Z10/DE-Z10-itemized",
"DE-Z4","/Epicor10Live/reports/DE/DE-Z4/DE-Z4",
"DE-Z4-itemized","/Epicor10Live/reports/DE/DE-Z4/DE-Z4-itemized",
"DefRevenue","/Epicor10Live/reports/DeferredRevenueReport/DefRevenue",
"DefExpenseForecast","/Epicor10Live/reports/DefExpenseForecast/DefExpenseForecast",
"DefExpRecogEditList","/Epicor10Live/reports/DefExpRecogEditList/DefExpRecogEditList",
"DefExpReconRpt","/Epicor10Live/reports/DefExpReconRpt/DefExpReconRpt",
"Amortizations","/Epicor10Live/reports/DefRevRecogEditList/Amortizations",
"DefREvRecogEditList","/Epicor10Live/reports/DefRevRecogEditList/DefREvRecogEditList",
"GLAcctRecap","/Epicor10Live/reports/DefRevRecogEditList/GLAcctRecap",
"DefRevRecon","/Epicor10Live/reports/DefRevRecon/DefRevRecon",
"DeleteAccounts","/Epicor10Live/reports/DeleteAccounts/DeleteAccounts",
"DemandNetChg","/Epicor10Live/reports/DemandNetChangeReport/DemandNetChg",
"DemandLogDtl","/Epicor10Live/reports/DemandReviewReport/DemandLogDtl",
"DemandLogHD","/Epicor10Live/reports/DemandReviewReport/DemandLogHD",
"DemandLogSched","/Epicor10Live/reports/DemandReviewReport/DemandLogSched",
"DemandReview","/Epicor10Live/reports/DemandReviewReport/DemandReview",
"DepositSlips","/Epicor10Live/reports/DepositSlips/DepositSlips",
"Summary","/Epicor10Live/reports/DepositSlips/Summary",
"ActionHistory","/Epicor10Live/reports/DMRStatusReport/ActionHistory",
"DMRStatusReport","/Epicor10Live/reports/DMRStatusReport/DMRStatusReport",
"TransactionHistory","/Epicor10Live/reports/DMRStatusReport/TransactionHistory",
"EInvoiceList","/Epicor10Live/reports/EInvoiceList/EInvoiceList",
"EinvStatusReport","/Epicor10Live/reports/EinvStatusReport/EinvStatusReport",
"EmpCourseReport","/Epicor10Live/reports/EmpCourseReport/EmpCourseReport",
"EmpEfficiency","/Epicor10Live/reports/EmpEfficiency/EmpEfficiency",
"EmpBadge","/Epicor10Live/reports/EmployeeBadges/EmpBadge",
"EmpBadge-2","/Epicor10Live/reports/EmployeeBadges/EmpBadge-2",
"EmplEff","/Epicor10Live/reports/EmployeeEfficiencyReport/EmplEff",
"ChildEquipment","/Epicor10Live/reports/EquipmentListReport/ChildEquipment",
"Equip","/Epicor10Live/reports/EquipmentListReport/Equip",
"MaintenanceLog","/Epicor10Live/reports/EquipmentListReport/MaintenanceLog",
"MaintenancePlan","/Epicor10Live/reports/EquipmentListReport/MaintenancePlan",
"EUSales","/Epicor10Live/reports/EuropeanCommunitySales/EUSales",
"EUSalesItemized","/Epicor10Live/reports/EUSalesItemized/EUSalesItemized",
"ExcessStock","/Epicor10Live/reports/ExcessStockReport/ExcessStock",
"ExpenseOpt","/Epicor10Live/reports/ExpenseReport/ExpenseOpt",
"ExpenseStd","/Epicor10Live/reports/ExpenseReport/ExpenseStd",
"ForecastAssetDepreciation","/Epicor10Live/reports/ForecastAssetDepreciationReport/ForecastAssetDepreciation",
"RefCode","/Epicor10Live/reports/GeneralLedgerReferenceCode/RefCode",
"Desc","/Epicor10Live/reports/GeneralLedgerReport/Desc",
"ExcelDataOnly_2F812BBF","/Epicor10Live/reports/GeneralLedgerReport/ExcelDataOnly_2F812BBF",
"ExcelDataOnly_5231AC7C","/Epicor10Live/reports/GeneralLedgerReport/ExcelDataOnly_5231AC7C",
"Gledger","/Epicor10Live/reports/GeneralLedgerReport/Gledger",
"GLedger_ExcelDataOnly","/Epicor10Live/reports/GeneralLedgerReport/GLedger_ExcelDataOnly",
"GLedger_SubTotalLevels","/Epicor10Live/reports/GeneralLedgerReport/GLedger_SubTotalLevels",
"GledgerBackup040924","/Epicor10Live/reports/GeneralLedgerReport/GledgerBackup040924",
"GledgerBackup041024","/Epicor10Live/reports/GeneralLedgerReport/GledgerBackup041024",
"Gledgerbackup041124","/Epicor10Live/reports/GeneralLedgerReport/Gledgerbackup041124",
"GledgerTest","/Epicor10Live/reports/GeneralLedgerReport/GledgerTest",
"GenerateAccounts","/Epicor10Live/reports/GenerateAccounts/GenerateAccounts",
"GenPurchaseListRpt","/Epicor10Live/reports/GenPurchaseListRpt/GenPurchaseListRpt",
"GLAccountSummary","/Epicor10Live/reports/GLAccountSummaryReport/GLAccountSummary",
"TotalLevels","/Epicor10Live/reports/GLAccountSummaryReport/TotalLevels",
"ConsReport","/Epicor10Live/reports/GLConsolidationReport/ConsReport",
"GlDistribution","/Epicor10Live/reports/GLDistributionReport/GlDistribution",
"Journal","/Epicor10Live/reports/GLJournalListing/Journal",
"Journal_sub1","/Epicor10Live/reports/GLJournalListing/Journal_sub1",
"GLRecDtl","/Epicor10Live/reports/GlRecJrnlEdit/GLRecDtl",
"GlRecJrnlEdit","/Epicor10Live/reports/GlRecJrnlEdit/GlRecJrnlEdit",
"GLRecSched","/Epicor10Live/reports/GlRecJrnlEdit/GLRecSched",
"GLRptEdit","/Epicor10Live/reports/GLRptEdit/GLRptEdit",
"Ranges","/Epicor10Live/reports/GLRptEdit/Ranges",
"SubRptRows","/Epicor10Live/reports/GLRptEdit/SubRptRows",
"StructTrialBal","/Epicor10Live/reports/GLStructTrialBal/StructTrialBal",
"SummaryTotals","/Epicor10Live/reports/GLStructTrialBal/SummaryTotals",
"HealthCheckTest","/Epicor10Live/reports/HealthCheckTestReport/HealthCheckTest",
"ImpLRpt","/Epicor10Live/reports/ImportLogListing/ImpLRpt",
"IN-57AE","/Epicor10Live/reports/IN/IN-57AE/IN-57AE",
"INAdvBillReceipt","/Epicor10Live/reports/IN/INAdvBillReceipt/INAdvBillReceipt",
"INAPSelfInvoice","/Epicor10Live/reports/IN/INAPSelfInvoice/INAPSelfInvoice",
"IN-ARE1","/Epicor10Live/reports/IN/IN-ARE1/IN-ARE1",
"INARE3","/Epicor10Live/reports/IN/INARE3/INARE3",
"IN-GSTR1","/Epicor10Live/reports/IN/IN-GSTR1/IN-GSTR1",
"IN-GSTR2Export","/Epicor10Live/reports/IN/IN-GSTR2Export/IN-GSTR2Export",
"POForm","/Epicor10Live/reports/IN/INPurchaseOrderForm/POForm",
"POForm_MfgParts","/Epicor10Live/reports/IN/INPurchaseOrderForm/POForm_MfgParts",
"POForm_POHeaderTaxes","/Epicor10Live/reports/IN/INPurchaseOrderForm/POForm_POHeaderTaxes",
"POForm_POMiscCharges","/Epicor10Live/reports/IN/INPurchaseOrderForm/POForm_POMiscCharges",
"POForm_POMiscChargesLines","/Epicor10Live/reports/IN/INPurchaseOrderForm/POForm_POMiscChargesLines",
"POForm_PORelPart","/Epicor10Live/reports/IN/INPurchaseOrderForm/POForm_PORelPart",
"POForm_PORelQty","/Epicor10Live/reports/IN/INPurchaseOrderForm/POForm_PORelQty",
"POForm_SupplierParts","/Epicor10Live/reports/IN/INPurchaseOrderForm/POForm_SupplierParts",
"INRG1","/Epicor10Live/reports/IN/INRG1/INRG1",
"IN-RG23A","/Epicor10Live/reports/IN/IN-RG23A/IN-RG23A",
"SOForm","/Epicor10Live/reports/IN/INSalesOrderAcknowledgement/SOForm",
"SOForm_KitComponents","/Epicor10Live/reports/IN/INSalesOrderAcknowledgement/SOForm_KitComponents",
"SOForm_OLMscCharge","/Epicor10Live/reports/IN/INSalesOrderAcknowledgement/SOForm_OLMscCharge",
"SOForm_OrderMscCharge","/Epicor10Live/reports/IN/INSalesOrderAcknowledgement/SOForm_OrderMscCharge",
"SOForm_subreport","/Epicor10Live/reports/IN/INSalesOrderAcknowledgement/SOForm_subreport",
"SOTaxes","/Epicor10Live/reports/IN/INSalesOrderAcknowledgement/SOTaxes",
"INSalesRegister","/Epicor10Live/reports/IN/INSalesRegister/INSalesRegister",
"GLFinancialReport","/Epicor10Live/reports/GLFinancialReport/GLFinancialReport",
"INWHTPaymentRpt","/Epicor10Live/reports/IN/INWHTPaymentRpt/INWHTPaymentRpt",
"INWHTPaymentSbRpt","/Epicor10Live/reports/IN/INWHTPaymentSbRpt/INWHTPaymentSbRpt",
"PurchaseRegister","/Epicor10Live/reports/IN/PurchaseRegister/PurchaseRegister",
"InspInvMovmnt","/Epicor10Live/reports/InspInvMovmnt/InspInvMovmnt",
"SNTran","/Epicor10Live/reports/InspInvMovmnt/SNTran",
"InspPendReport","/Epicor10Live/reports/InspPendReport/InspPendReport",
"InTransitStock","/Epicor10Live/reports/InTransitStock/InTransitStock",
"IntrastatGeneric","/Epicor10Live/reports/IntrastatGeneric/IntrastatGeneric",
"IntraStatIDEP_ExcelLine","/Epicor10Live/reports/IntraStatIDEP/IntraStatIDEP_ExcelLine",
"IntraStatIDEP_MultiExcel","/Epicor10Live/reports/IntraStatIDEP/IntraStatIDEP_MultiExcel",
"IntraStatIris","/Epicor10Live/reports/IntraStatIris/IntraStatIris",
"InvTrans","/Epicor10Live/reports/InventoryMovement/InvTrans",
"IssueMiscMaterial","/Epicor10Live/reports/InventoryMovement/IssueMiscMaterial",
"IssueMtlRcvPO","/Epicor10Live/reports/InventoryMovement/IssueMtlRcvPO",
"IssueReturnAsmbl","/Epicor10Live/reports/InventoryMovement/IssueReturnAsmbl",
"JobToJob","/Epicor10Live/reports/InventoryMovement/JobToJob",
"JobToSalvage","/Epicor10Live/reports/InventoryMovement/JobToSalvage",
"JobToStock","/Epicor10Live/reports/InventoryMovement/JobToStock",
"MassIssue","/Epicor10Live/reports/InventoryMovement/MassIssue",
"NonConfDMRInvMovement","/Epicor10Live/reports/InventoryMovement/NonConfDMRInvMovement",
"ReturnMiscMatInvMovmnt","/Epicor10Live/reports/InventoryMovement/ReturnMiscMatInvMovmnt",
"ReturnMtlRcvPO","/Epicor10Live/reports/InventoryMovement/ReturnMtlRcvPO",
"SrlNums","/Epicor10Live/reports/InventoryMovement/SrlNums",
"InvUsage","/Epicor10Live/reports/InventoryUsageReport/InvUsage",
"InventoryWip","/Epicor10Live/reports/InventoryWIPAccountReconciliation/InventoryWip",
"InventoryWip_GLRecap","/Epicor10Live/reports/InventoryWIPAccountReconciliation/InventoryWip_GLRecap",
"JobMtl","/Epicor10Live/reports/JobMtlReq/JobMtl",
"JobMtlReq","/Epicor10Live/reports/JobMtlReq/JobMtlReq",
"JobMtlReq_ExcelDataOnly","/Epicor10Live/reports/JobMtlReq/JobMtlReq_ExcelDataOnly",
"JobPickL","/Epicor10Live/reports/JobPickList/JobPickL",
"JobComplianceReport","/Epicor10Live/reports/JobRoHSComplianceReport/JobComplianceReport",
"JobComplianceReport_AsmblSubstances","/Epicor10Live/reports/JobRoHSComplianceReport/JobComplianceReport_AsmblSubstances",
"JobComplianceReport_Materials","/Epicor10Live/reports/JobRoHSComplianceReport/JobComplianceReport_Materials",
"JobComplianceReport_Operations","/Epicor10Live/reports/JobRoHSComplianceReport/JobComplianceReport_Operations",
"JobStatus","/Epicor10Live/reports/JobStatusReport/JobStatus",
"Traveler","/Epicor10Live/reports/JobTraveler/Traveler",
"Traveler_8","/Epicor10Live/reports/JobTraveler/Traveler_8",
"Traveler_AttributeSetData","/Epicor10Live/reports/JobTraveler/Traveler_AttributeSetData",
"Traveler_JobParts","/Epicor10Live/reports/JobTraveler/Traveler_JobParts",
"Traveler_ParentAssembly","/Epicor10Live/reports/JobTraveler/Traveler_ParentAssembly",
"Traveler_Qty_Titles","/Epicor10Live/reports/JobTraveler/Traveler_Qty_Titles",
"Traveler_Quantities","/Epicor10Live/reports/JobTraveler/Traveler_Quantities",
"Traveler_RawMaterialComponents","/Epicor10Live/reports/JobTraveler/Traveler_RawMaterialComponents",
"Traveler_Shipping_Schedule","/Epicor10Live/reports/JobTraveler/Traveler_Shipping_Schedule",
"Traveler_SubComponents","/Epicor10Live/reports/JobTraveler/Traveler_SubComponents",
"GLJournalEdit","/Epicor10Live/reports/JournalEntryEdit/GLJournalEdit",
"GLJournalEdit__ExtGLJournalDtl","/Epicor10Live/reports/JournalEntryEdit/GLJournalEdit__ExtGLJournalDtl",
"JP-APPerBillStmt","/Epicor10Live/reports/JP/JP-APPerBillStmtRpt/JP-APPerBillStmt",
"JP-APTaxReport","/Epicor10Live/reports/JP/JP-APPerBillStmtRpt/JP-APTaxReport",
"JP-ConsumptionTaxReport","/Epicor10Live/reports/JP/JP-ConsumptionTaxReport/JP-ConsumptionTaxReport",
"JP-PerBillStmt","/Epicor10Live/reports/JP/JP-PerBillStmtRpt/JP-PerBillStmt",
"JP-TaxReport","/Epicor10Live/reports/JP/JP-PerBillStmtRpt/JP-TaxReport",
"EmpDetails","/Epicor10Live/reports/LaborEdit/EmpDetails",
"LaborDaily","/Epicor10Live/reports/LaborEdit/LaborDaily",
"LaborEdit","/Epicor10Live/reports/LaborEdit/LaborEdit",
"LaborPayroll_2","/Epicor10Live/reports/LaborEdit/LaborPayroll_2",
"ContLandedCost","/Epicor10Live/reports/LandedCostReport/ContLandedCost",
"ContLandedCost_IndirectCosts","/Epicor10Live/reports/LandedCostReport/ContLandedCost_IndirectCosts",
"ContLandedCost_SupplierTaxes","/Epicor10Live/reports/LandedCostReport/ContLandedCost_SupplierTaxes",
"LCNRV","/Epicor10Live/reports/LCNRV/LCNRV",
"LegalNumChangeLog","/Epicor10Live/reports/LegalNumChangeLog/LegalNumChangeLog",
"LegalNumCnfg","/Epicor10Live/reports/LegalNumCnfg/LegalNumCnfg",
"LegalNumHistory","/Epicor10Live/reports/LegalNumHistory/LegalNumHistory",
"LogAPInvEdit","/Epicor10Live/reports/LoggedAPInvoiceEditList/LogAPInvEdit",
"LogAPInvEdit_GLRecap","/Epicor10Live/reports/LoggedAPInvoiceEditList/LogAPInvEdit_GLRecap",
"LogInvSuspBal","/Epicor10Live/reports/LoggedInvoiceSuspenseBalance/LogInvSuspBal",
"LogonFailure","/Epicor10Live/reports/LogonFailure/LogonFailure",
"JobMtl","/Epicor10Live/reports/MaintenanceJobReport/JobMtl",
"MaintenanceJob","/Epicor10Live/reports/MaintenanceJobReport/MaintenanceJob",
"MaintenanceRequest","/Epicor10Live/reports/MaintenanceRequestReport/MaintenanceRequest",
"ManagedStockStatus","/Epicor10Live/reports/ManagedInventoryReport/ManagedStockStatus",
"ManagedStockStatus_Activity","/Epicor10Live/reports/ManagedInventoryReport/ManagedStockStatus_Activity",
"ManagedStockStatus_PartClass","/Epicor10Live/reports/ManagedInventoryReport/ManagedStockStatus_PartClass",
"MasterPacking","/Epicor10Live/reports/MasterPackingSlip/MasterPacking",
"MasterPackingSlipwShipApp","/Epicor10Live/reports/MasterPackingSlip/MasterPackingSlipwShipApp",
"MastPack","/Epicor10Live/reports/MasterPackingSlip/MastPack",
"SalesInv","/Epicor10Live/reports/MasterPackingSlip/SalesInv",
"MasterProductionSchedule","/Epicor10Live/reports/MasterProductionSchedule/MasterProductionSchedule",
"MaterialQueue","/Epicor10Live/reports/MaterialQueue/MaterialQueue",
"SrlNums","/Epicor10Live/reports/MaterialQueue/SrlNums",
"PartTags","/Epicor10Live/reports/MaterialTags/PartTags",
"MaterialTranDetail","/Epicor10Live/reports/MaterialTranDetail/MaterialTranDetail",
"MenuSecDyn","/Epicor10Live/reports/MenuSecDyn/MenuSecDyn",
"MenuSecurity","/Epicor10Live/reports/MenuSecurityReport/MenuSecurity",
"MenuSecurity_GroupMembers","/Epicor10Live/reports/MenuSecurityReport/MenuSecurity_GroupMembers",
"MenuSecurity_GroupMembers_SubReport","/Epicor10Live/reports/MenuSecurityReport/MenuSecurity_GroupMembers_SubReport",
"MenuSecurity_MemberOfGroups","/Epicor10Live/reports/MenuSecurityReport/MenuSecurity_MemberOfGroups",
"MenuSecurity_MemberOfGroups_SubReport","/Epicor10Live/reports/MenuSecurityReport/MenuSecurity_MemberOfGroups_SubReport",
"MenuSecurity_SecurityManagers","/Epicor10Live/reports/MenuSecurityReport/MenuSecurity_SecurityManagers",
"MenuSecurity_SecurityManagers_SubReport","/Epicor10Live/reports/MenuSecurityReport/MenuSecurity_SecurityManagers_SubReport",
"MenuSecurity_SecurityManagersOnly","/Epicor10Live/reports/MenuSecurityReport/MenuSecurity_SecurityManagersOnly",
"MenuSecurity_SubReport","/Epicor10Live/reports/MenuSecurityReport/MenuSecurity_SubReport",
"MenuSecurity_UserFile","/Epicor10Live/reports/MenuSecurityReport/MenuSecurity_UserFile",
"MESMenuReport","/Epicor10Live/reports/MESMenuReport/MESMenuReport",
"Material","/Epicor10Live/reports/MethodsMaster/Material",
"MethodsMaster","/Epicor10Live/reports/MethodsMaster/MethodsMaster",
"Operation","/Epicor10Live/reports/MethodsMaster/Operation",
"MscPkSlp","/Epicor10Live/reports/MiscellaneousPackingSlip/MscPkSlp",
"MscShLbl","/Epicor10Live/reports/MiscellaneousShippingLabels/MscShLbl",
"MXCartaPorteReport","/Epicor10Live/reports/MX/MXCartaPorteReport/MXCartaPorteReport",
"MXDIOT","/Epicor10Live/reports/MX/MXDIOT/MXDIOT",
"MXPaymentSupplementReport","/Epicor10Live/reports/MX/MXPaymentSupplementReport/MXPaymentSupplementReport",
"MXSATreport","/Epicor10Live/reports/MX/MXSATreport/MXSATreport",
"MXSATreportGroup","/Epicor10Live/reports/MX/MXSATreport/MXSATreportGroup",
"MXWHTaxCert","/Epicor10Live/reports/MX/MXWHTaxCert/MXWHTaxCert",
"CJ5_Dtl","/Epicor10Live/reports/MY/CJ5Report/CJ5_Dtl",
"CJ5_Sum","/Epicor10Live/reports/MY/CJ5Report/CJ5_Sum",
"CJ5Report","/Epicor10Live/reports/MY/CJ5Report/CJ5Report",
"MYAnnualLMW","/Epicor10Live/reports/MY/MYAnnualLMW/MYAnnualLMW",
"MY-ARForm","/Epicor10Live/reports/MY/MY-ARInvoiceForm/MY-ARForm",
"MY-ARForm_Bank","/Epicor10Live/reports/MY/MY-ARInvoiceForm/MY-ARForm_Bank",
"MY-ARForm_Base_InvoiceNum10","/Epicor10Live/reports/MY/MY-ARInvoiceForm/MY-ARForm_Base_InvoiceNum10",
"MY-ARForm_CustomerDetails","/Epicor10Live/reports/MY/MY-ARInvoiceForm/MY-ARForm_CustomerDetails",
"MY-ARForm_Fin Charges","/Epicor10Live/reports/MY/MY-ARInvoiceForm/MY-ARForm_Fin Charges",
"MY-ARForm_kits","/Epicor10Live/reports/MY/MY-ARInvoiceForm/MY-ARForm_kits",
"MY-ARForm_LineTax","/Epicor10Live/reports/MY/MY-ARInvoiceForm/MY-ARForm_LineTax",
"MY-ARForm_Misc Charges","/Epicor10Live/reports/MY/MY-ARInvoiceForm/MY-ARForm_Misc Charges",
"MY-ARForm_MultiPayment_Details","/Epicor10Live/reports/MY/MY-ARInvoiceForm/MY-ARForm_MultiPayment_Details",
"MY-ARForm_subreport","/Epicor10Live/reports/MY/MY-ARInvoiceForm/MY-ARForm_subreport",
"MY-ARForm_Taxes","/Epicor10Live/reports/MY/MY-ARInvoiceForm/MY-ARForm_Taxes",
"MY-ARForm_Taxes_CSF_MY_Total","/Epicor10Live/reports/MY/MY-ARInvoiceForm/MY-ARForm_Taxes_CSF_MY_Total",
"MY-ARForm_Totals","/Epicor10Live/reports/MY/MY-ARInvoiceForm/MY-ARForm_Totals",
"MYDeemedSupplyReport","/Epicor10Live/reports/MY/MYDeemedSupplyReport/MYDeemedSupplyReport",
"MY-ARForm","/Epicor10Live/reports/MY/MYGST-ARInvoiceForm/MY-ARForm",
"MY-ARForm_Bank","/Epicor10Live/reports/MY/MYGST-ARInvoiceForm/MY-ARForm_Bank",
"MY-ARForm_Base_InvoiceNum10","/Epicor10Live/reports/MY/MYGST-ARInvoiceForm/MY-ARForm_Base_InvoiceNum10",
"MY-ARForm_CustomerDetails","/Epicor10Live/reports/MY/MYGST-ARInvoiceForm/MY-ARForm_CustomerDetails",
"MY-ARForm_Fin Charges","/Epicor10Live/reports/MY/MYGST-ARInvoiceForm/MY-ARForm_Fin Charges",
"MY-ARForm_kits","/Epicor10Live/reports/MY/MYGST-ARInvoiceForm/MY-ARForm_kits",
"MY-ARForm_LineTax","/Epicor10Live/reports/MY/MYGST-ARInvoiceForm/MY-ARForm_LineTax",
"MY-ARForm_Misc Charges","/Epicor10Live/reports/MY/MYGST-ARInvoiceForm/MY-ARForm_Misc Charges",
"MY-ARForm_MultiPayment_Details","/Epicor10Live/reports/MY/MYGST-ARInvoiceForm/MY-ARForm_MultiPayment_Details",
"MY-ARForm_subreport","/Epicor10Live/reports/MY/MYGST-ARInvoiceForm/MY-ARForm_subreport",
"MY-ARForm_Taxes","/Epicor10Live/reports/MY/MYGST-ARInvoiceForm/MY-ARForm_Taxes",
"MY-ARForm_Taxes_CSF_MY_Total","/Epicor10Live/reports/MY/MYGST-ARInvoiceForm/MY-ARForm_Taxes_CSF_MY_Total",
"MY-ARForm_Totals","/Epicor10Live/reports/MY/MYGST-ARInvoiceForm/MY-ARForm_Totals",
"MYLMWFinishedGoodsRpt","/Epicor10Live/reports/MY/MYLMWFinishedGoodsRpt/MYLMWFinishedGoodsRpt",
"MYLMWRawMtrlRpt","/Epicor10Live/reports/MY/MYLMWRawMtrlRpt/MYLMWRawMtrlRpt",
"MYSalesServiceDtlRpt","/Epicor10Live/reports/MY/MYSalesServiceDtlRpt/MYSalesServiceDtlRpt",
"MYTaxBoxGstReturn","/Epicor10Live/reports/MY/MYTaxBoxGstReturn/MYTaxBoxGstReturn",
"MYTaxBoxRpt","/Epicor10Live/reports/MY/MYTaxBoxRpt/MYTaxBoxRpt",
"NatAcctMassUpd","/Epicor10Live/reports/NatAcctMassUpd/NatAcctMassUpd",
"NettingEdit","/Epicor10Live/reports/NettingEditList/NettingEdit",
"NettingEdit_Recap","/Epicor10Live/reports/NettingEditList/NettingEdit_Recap",
"NettingReport","/Epicor10Live/reports/NettingReport/NettingReport",
"NLICPReport","/Epicor10Live/reports/NL/NLICPReport/NLICPReport",
"NLVATDeclReport","/Epicor10Live/reports/NL/NLVATDeclReport/NLVATDeclReport",
"NO-EInvList","/Epicor10Live/reports/NO/NO-EInvList/NO-EInvList",
"NO-APPayList","/Epicor10Live/reports/NO/NO-PaymentList/NO-APPayList",
"NonConfAnalReport","/Epicor10Live/reports/NonConfAnalReport/NonConfAnalReport",
"subrptInv_Issues","/Epicor10Live/reports/NonConfAnalReport/subrptInv_Issues",
"subrptOperations_Assemblies","/Epicor10Live/reports/NonConfAnalReport/subrptOperations_Assemblies",
"subrptPO_Receipts","/Epicor10Live/reports/NonConfAnalReport/subrptPO_Receipts",
"subrptRMAs","/Epicor10Live/reports/NonConfAnalReport/subrptRMAs",
"AllocDeposits","/Epicor10Live/reports/NZ/NZARInvoiceForm/AllocDeposits",
"ARForm","/Epicor10Live/reports/NZ/NZARInvoiceForm/ARForm",
"ARForm_Bank","/Epicor10Live/reports/NZ/NZARInvoiceForm/ARForm_Bank",
"ARForm_CustomerDetails","/Epicor10Live/reports/NZ/NZARInvoiceForm/ARForm_CustomerDetails",
"ARForm_Misc Charges","/Epicor10Live/reports/NZ/NZARInvoiceForm/ARForm_Misc Charges",
"NZTaxBoxRpt","/Epicor10Live/reports/NZ/NZTaxBoxRpt/NZTaxBoxRpt",
"ObsoleteStock","/Epicor10Live/reports/ObsoleteStockReport/ObsoleteStock",
"ObsoleteStock_subreport","/Epicor10Live/reports/ObsoleteStockReport/ObsoleteStock_subreport",
"OpenPO","/Epicor10Live/reports/OpenPurchaseOrderReport/OpenPO",
"OpenPO_2","/Epicor10Live/reports/OpenPurchaseOrderReport/OpenPO_2",
"OpenPO_ExcelDataOnly","/Epicor10Live/reports/OpenPurchaseOrderReport/OpenPO_ExcelDataOnly",
"OpenRMA","/Epicor10Live/reports/OpenRMA/OpenRMA",
"MarkFor","/Epicor10Live/reports/PackingSlip/MarkFor",
"MiscCharges","/Epicor10Live/reports/PackingSlip/MiscCharges",
"PackingSlipwShipApp","/Epicor10Live/reports/PackingSlip/PackingSlipwShipApp",
"PackingSlipwShipApp2","/Epicor10Live/reports/PackingSlip/PackingSlipwShipApp2",
"PackSlip","/Epicor10Live/reports/PackingSlip/PackSlip",
"PackSlipbackup013124","/Epicor10Live/reports/PackingSlip/PackSlipbackup013124",
"PackSlipInvoice","/Epicor10Live/reports/PackingSlip/PackSlipInvoice",
"terms","/Epicor10Live/reports/PackingSlip/terms",
"CCPartStatus","/Epicor10Live/reports/PartCycleCountStatusReport/CCPartStatus",
"PartLotWhereUsed","/Epicor10Live/reports/PartLotWhereUsed/PartLotWhereUsed",
"PartPriceHistory","/Epicor10Live/reports/PartPriceHistory/PartPriceHistory",
"SubReptPartPriceH2","/Epicor10Live/reports/PartPriceHistory/SubReptPartPriceH2",
"SubRptPartPriceH","/Epicor10Live/reports/PartPriceHistory/SubRptPartPriceH",
"CCMissingABC","/Epicor10Live/reports/PartsMissingABCCodesReport/CCMissingABC",
"PTranLog","/Epicor10Live/reports/PartTransactionLog/PTranLog",
"APPayEditList","/Epicor10Live/reports/PaymentEntryEditList/APPayEditList",
"APPayEditList_GLRecap","/Epicor10Live/reports/PaymentEntryEditList/APPayEditList_GLRecap",
"PaymentProposal","/Epicor10Live/reports/PaymentProposal/PaymentProposal",
"APRemit","/Epicor10Live/reports/PaymentRemittanceAdvice/APRemit",
"Deductions","/Epicor10Live/reports/PayrollCheckPrint/Deductions",
"PayRates","/Epicor10Live/reports/PayrollCheckPrint/PayRates",
"PayrollCheckPrint","/Epicor10Live/reports/PayrollCheckPrint/PayrollCheckPrint",
"PayType","/Epicor10Live/reports/PayrollCheckPrint/PayType",
"PCIDContents","/Epicor10Live/reports/PCIDContents/PCIDContents",
"Journal","/Epicor10Live/reports/PE/GLJournalListing/Journal",
"Journal_sub1","/Epicor10Live/reports/PE/GLJournalListing/Journal_sub1",
"PE-APInvBal","/Epicor10Live/reports/PE/PE-APInvBal/PE-APInvBal",
"PE-APPromNotesEdit","/Epicor10Live/reports/PE/PE-APPaymentInstrumentEditList/PE-APPromNotesEdit",
"PE-APPromNotesEdit_GLRecap","/Epicor10Live/reports/PE/PE-APPaymentInstrumentEditList/PE-APPromNotesEdit_GLRecap",
"PE-ARBillOfExchange","/Epicor10Live/reports/PE/PE-ARBillOfExchange/PE-ARBillOfExchange",
"PE-ARInvBal","/Epicor10Live/reports/PE/PE-ARInvoiceBalance/PE-ARInvBal",
"PE-GLSummary","/Epicor10Live/reports/PE/PE-ARInvoiceBalance/PE-GLSummary",
"PE-PeriodBalance","/Epicor10Live/reports/PE/PE-ARInvoiceBalance/PE-PeriodBalance",
"PE-PIDetail","/Epicor10Live/reports/PE/PE-ARInvoiceBalance/PE-PIDetail",
"PE-PITotalGroup","/Epicor10Live/reports/PE/PE-ARInvoiceBalance/PE-PITotalGroup",
"PE-TotalGroup","/Epicor10Live/reports/PE/PE-ARInvoiceBalance/PE-TotalGroup",
"PE-TotalGroupSummary","/Epicor10Live/reports/PE/PE-ARInvoiceBalance/PE-TotalGroupSummary",
"PE-ARForm","/Epicor10Live/reports/PE/PE-ARInvoiceForm/PE-ARForm",
"PE-ARPercCert","/Epicor10Live/reports/PE/PE-ARPercCert/PE-ARPercCert",
"PE-DobtCollAct","/Epicor10Live/reports/PE/PE-DobtCollAcct/PE-DobtCollAct",
"PE-KardexReport","/Epicor10Live/reports/PE/PE-KardexReport/PE-KardexReport",
"PE-KardexReport_PartClass","/Epicor10Live/reports/PE/PE-KardexReport/PE-KardexReport_PartClass",
"PE-WithholdCert","/Epicor10Live/reports/PE/PE-TaxCertificate/PE-WithholdCert",
"PE-WithholdCertDtl","/Epicor10Live/reports/PE/PE-TaxCertificate/PE-WithholdCertDtl",
"PE-GLTBRpt","/Epicor10Live/reports/PE/PE-TrialBalanceReport/PE-GLTBRpt",
"PE-WithholdSchemaB","/Epicor10Live/reports/PE/PE-WithholdingSchemaBook/PE-WithholdSchemaB",
"PIPaymentDetail","/Epicor10Live/reports/PE/PE-WithholdingSchemaBook/PIPaymentDetail",
"rsFto1_1","/Epicor10Live/reports/PE/SUNAT/SNT_RPT_FTO1_1/rsFto1_1",
"SNT_RPT_FTO1_1","/Epicor10Live/reports/PE/SUNAT/SNT_RPT_FTO1_1/SNT_RPT_FTO1_1",
"rsFto1_2","/Epicor10Live/reports/PE/SUNAT/SNT_RPT_FTO1_2/rsFto1_2",
"SNT_RPT_FTO1_2","/Epicor10Live/reports/PE/SUNAT/SNT_RPT_FTO1_2/SNT_RPT_FTO1_2",
"rsFto10_1","/Epicor10Live/reports/PE/SUNAT/SNT_RPT_FTO10_1/rsFto10_1",
"SNT_RPT_FTO10_1","/Epicor10Live/reports/PE/SUNAT/SNT_RPT_FTO10_1/SNT_RPT_FTO10_1",
"rsFto10_2","/Epicor10Live/reports/PE/SUNAT/SNT_RPT_FTO10_2/rsFto10_2",
"SNT_RPT_FTO10_2","/Epicor10Live/reports/PE/SUNAT/SNT_RPT_FTO10_2/SNT_RPT_FTO10_2",
"rsFto10_3","/Epicor10Live/reports/PE/SUNAT/SNT_RPT_FTO10_3/rsFto10_3",
"SNT_RPT_FTO10_3","/Epicor10Live/reports/PE/SUNAT/SNT_RPT_FTO10_3/SNT_RPT_FTO10_3",
"rsFto14_1","/Epicor10Live/reports/PE/SUNAT/SNT_RPT_FTO14_1/rsFto14_1",
"SNT_RPT_FTO14_1","/Epicor10Live/reports/PE/SUNAT/SNT_RPT_FTO14_1/SNT_RPT_FTO14_1",
"rsFto2_1","/Epicor10Live/reports/PE/SUNAT/SNT_RPT_FTO2_1/rsFto2_1",
"SNT_RPT_FTO2_1","/Epicor10Live/reports/PE/SUNAT/SNT_RPT_FTO2_1/SNT_RPT_FTO2_1",
"rsFto2_2","/Epicor10Live/reports/PE/SUNAT/SNT_RPT_FTO2_2/rsFto2_2",
"SNT_RPT_FTO2_2","/Epicor10Live/reports/PE/SUNAT/SNT_RPT_FTO2_2/SNT_RPT_FTO2_2",
"rsFto3_1","/Epicor10Live/reports/PE/SUNAT/SNT_RPT_FTO3_1/rsFto3_1",
"SNT_RPT_FTO3_1","/Epicor10Live/reports/PE/SUNAT/SNT_RPT_FTO3_1/SNT_RPT_FTO3_1",
"rsFto3_18","/Epicor10Live/reports/PE/SUNAT/SNT_RPT_FTO3_18/rsFto3_18",
"SNT_RPT_FTO3_18","/Epicor10Live/reports/PE/SUNAT/SNT_RPT_FTO3_18/SNT_RPT_FTO3_18",
"rsFto3_2","/Epicor10Live/reports/PE/SUNAT/SNT_RPT_FTO3_2/rsFto3_2",
"SNT_RPT_FTO3_2","/Epicor10Live/reports/PE/SUNAT/SNT_RPT_FTO3_2/SNT_RPT_FTO3_2",
"rsFto3_20","/Epicor10Live/reports/PE/SUNAT/SNT_RPT_FTO3_20/rsFto3_20",
"SNT_RPT_FTO3_20","/Epicor10Live/reports/PE/SUNAT/SNT_RPT_FTO3_20/SNT_RPT_FTO3_20",
"rsFto4_1","/Epicor10Live/reports/PE/SUNAT/SNT_RPT_FTO4_1/rsFto4_1",
"SNT_RPT_FTO4_1","/Epicor10Live/reports/PE/SUNAT/SNT_RPT_FTO4_1/SNT_RPT_FTO4_1",
"rsFto7_1","/Epicor10Live/reports/PE/SUNAT/SNT_RPT_FTO7_1/rsFto7_1",
"SNT_RPT_FTO7_1","/Epicor10Live/reports/PE/SUNAT/SNT_RPT_FTO7_1/SNT_RPT_FTO7_1",
"rsFto7_2","/Epicor10Live/reports/PE/SUNAT/SNT_RPT_FTO7_2/rsFto7_2",
"SNT_RPT_FTO7_2","/Epicor10Live/reports/PE/SUNAT/SNT_RPT_FTO7_2/SNT_RPT_FTO7_2",
"rsFto7_3","/Epicor10Live/reports/PE/SUNAT/SNT_RPT_FTO7_3/rsFto7_3",
"SNT_RPT_FTO7_3","/Epicor10Live/reports/PE/SUNAT/SNT_RPT_FTO7_3/SNT_RPT_FTO7_3",
"rsFto8_1","/Epicor10Live/reports/PE/SUNAT/SNT_RPT_FTO8_1/rsFto8_1",
"SNT_RPT_FTO8_1","/Epicor10Live/reports/PE/SUNAT/SNT_RPT_FTO8_1/SNT_RPT_FTO8_1",
"PeriodCustSt","/Epicor10Live/reports/PeriodCustSt/PeriodCustSt",
"PeriodCustSt_SupRep","/Epicor10Live/reports/PeriodCustSt/PeriodCustSt_SupRep",
"GLRecap","/Epicor10Live/reports/PettyCashEditList/GLRecap",
"PettyCashDoc","/Epicor10Live/reports/PettyCashEditList/PettyCashDoc",
"PettyCashEditList","/Epicor10Live/reports/PettyCashEditList/PettyCashEditList",
"PettyCashIssues","/Epicor10Live/reports/PettyCashIssues/PettyCashIssues",
"PettyCashReceipts","/Epicor10Live/reports/PettyCashReceipts/PettyCashReceipts",
"PhaseRevRecEdit","/Epicor10Live/reports/PhaseRevRecEdit/PhaseRevRecEdit",
"PlantTestTransfer","/Epicor10Live/reports/PlantTestTransfer/PlantTestTransfer",
"PRCheckRegister","/Epicor10Live/reports/PRCheckRegister/PRCheckRegister",
"PRCheckRegister_GLRecap","/Epicor10Live/reports/PRCheckRegister/PRCheckRegister_GLRecap",
"PRCheckRegister_HomeRecap","/Epicor10Live/reports/PRCheckRegister/PRCheckRegister_HomeRecap",
"PRCheckRegister_HomeRecap_SubTotals","/Epicor10Live/reports/PRCheckRegister/PRCheckRegister_HomeRecap_SubTotals",
"PRCheckRegister_TotalsDeduc","/Epicor10Live/reports/PRCheckRegister/PRCheckRegister_TotalsDeduc",
"PRCheckRegister_TotalsPT","/Epicor10Live/reports/PRCheckRegister/PRCheckRegister_TotalsPT",
"PRCheckRegister_TotalsTax","/Epicor10Live/reports/PRCheckRegister/PRCheckRegister_TotalsTax",
"PRDeductReport","/Epicor10Live/reports/PRDeductReport/PRDeductReport",
"PREmplEarnings","/Epicor10Live/reports/PREmplEarnings/PREmplEarnings",
"PREmplMasterListing","/Epicor10Live/reports/PREmplMasterListing/PREmplMasterListing",
"PrintPCDB","/Epicor10Live/reports/PrintPCDB/PrintPCDB",
"PriorityDispatch","/Epicor10Live/reports/PriorityDispatchReport/PriorityDispatch",
"ChkPrint","/Epicor10Live/reports/ProcessPayments/ChkPrint",
"ChkPrint_backup","/Epicor10Live/reports/ProcessPayments/ChkPrint_backup",
"MICRChkPrint","/Epicor10Live/reports/ProcessPayments/MICRChkPrint",
"MICRChkPrint_backup","/Epicor10Live/reports/ProcessPayments/MICRChkPrint_backup",
"ProdCfgListing","/Epicor10Live/reports/ProductConfigurationListing/ProdCfgListing",
"ProdCfgListing_DocumentRules","/Epicor10Live/reports/ProductConfigurationListing/ProdCfgListing_DocumentRules",
"ProdCfgListing_PartOpDtl","/Epicor10Live/reports/ProductConfigurationListing/ProdCfgListing_PartOpDtl",
"ProdCfgListing_PartOp-PartMtl","/Epicor10Live/reports/ProductConfigurationListing/ProdCfgListing_PartOp-PartMtl",
"ProdCfgListing_PartOpr","/Epicor10Live/reports/ProductConfigurationListing/ProdCfgListing_PartOpr",
"ProdCfgListing_PartRev","/Epicor10Live/reports/ProductConfigurationListing/ProdCfgListing_PartRev",
"ProdCfgListing_PcDocVar","/Epicor10Live/reports/ProductConfigurationListing/ProdCfgListing_PcDocVar",
"ProdCfgListing_PcEvents","/Epicor10Live/reports/ProductConfigurationListing/ProdCfgListing_PcEvents",
"ProdCfgListing_PcInputs","/Epicor10Live/reports/ProductConfigurationListing/ProdCfgListing_PcInputs",
"ProdCfgListing_PcInputsExpr","/Epicor10Live/reports/ProductConfigurationListing/ProdCfgListing_PcInputsExpr",
"ProdCfgListing_PcInputsLayer","/Epicor10Live/reports/ProductConfigurationListing/ProdCfgListing_PcInputsLayer",
"ProdCfgListing_PcInputsRule","/Epicor10Live/reports/ProductConfigurationListing/ProdCfgListing_PcInputsRule",
"ProdCfgListing_PcMethodVar","/Epicor10Live/reports/ProductConfigurationListing/ProdCfgListing_PcMethodVar",
"ProdCfgListing_PcPage","/Epicor10Live/reports/ProductConfigurationListing/ProdCfgListing_PcPage",
"ProdCfgListing_PcPageExpr","/Epicor10Live/reports/ProductConfigurationListing/ProdCfgListing_PcPageExpr",
"ProdCfgListing_PcRuleExpr","/Epicor10Live/reports/ProductConfigurationListing/ProdCfgListing_PcRuleExpr",
"ProdCfgListing_PcRules","/Epicor10Live/reports/ProductConfigurationListing/ProdCfgListing_PcRules",
"ProdCfgListing_PcRulesSet","/Epicor10Live/reports/ProductConfigurationListing/ProdCfgListing_PcRulesSet",
"ProdCfgListing_PcStrComp","/Epicor10Live/reports/ProductConfigurationListing/ProdCfgListing_PcStrComp",
"ProdCfgListing_PcUDM","/Epicor10Live/reports/ProductConfigurationListing/ProdCfgListing_PcUDM",
"ProdCfgListing_PcVariables","/Epicor10Live/reports/ProductConfigurationListing/ProdCfgListing_PcVariables",
"ProdCfgListing_UnrelatedMaterial","/Epicor10Live/reports/ProductConfigurationListing/ProdCfgListing_UnrelatedMaterial",
"ExcelDataOnly_437BEEB1","/Epicor10Live/reports/ProductionDetailReport/ExcelDataOnly_437BEEB1",
"ExcelDataOnly_4D3CAE3B","/Epicor10Live/reports/ProductionDetailReport/ExcelDataOnly_4D3CAE3B",
"ExcelDataOnly_5398BA48","/Epicor10Live/reports/ProductionDetailReport/ExcelDataOnly_5398BA48",
"ExcelDataOnly_575C112D","/Epicor10Live/reports/ProductionDetailReport/ExcelDataOnly_575C112D",
"ExcelDataOnly_5A231720","/Epicor10Live/reports/ProductionDetailReport/ExcelDataOnly_5A231720",
"ExcelDataOnly_5AF96CBD","/Epicor10Live/reports/ProductionDetailReport/ExcelDataOnly_5AF96CBD",
"ExcelDataOnly_699A214D","/Epicor10Live/reports/ProductionDetailReport/ExcelDataOnly_699A214D",
"ExcelDataOnly_69F9E96B","/Epicor10Live/reports/ProductionDetailReport/ExcelDataOnly_69F9E96B",
"ExcelDataOnly_6D1E4671","/Epicor10Live/reports/ProductionDetailReport/ExcelDataOnly_6D1E4671",
"ExcelDataOnly_71D05C34","/Epicor10Live/reports/ProductionDetailReport/ExcelDataOnly_71D05C34",
"ExcelDataOnly_C94D27F7","/Epicor10Live/reports/ProductionDetailReport/ExcelDataOnly_C94D27F7",
"ExcelDataOnly_CF843A03","/Epicor10Live/reports/ProductionDetailReport/ExcelDataOnly_CF843A03",
"ExcelDataOnly_D1DF1658","/Epicor10Live/reports/ProductionDetailReport/ExcelDataOnly_D1DF1658",
"ExcelDataOnly_D4BA8FFC","/Epicor10Live/reports/ProductionDetailReport/ExcelDataOnly_D4BA8FFC",
"ExcelDataOnly_F4C76812","/Epicor10Live/reports/ProductionDetailReport/ExcelDataOnly_F4C76812",
"ProdDtl","/Epicor10Live/reports/ProductionDetailReport/ProdDtl",
"ProdDtl_AttributeSetData","/Epicor10Live/reports/ProductionDetailReport/ProdDtl_AttributeSetData",
"ProdDtl_Downtime","/Epicor10Live/reports/ProductionDetailReport/ProdDtl_Downtime",
"ProdDtl_ExcelDataOnly","/Epicor10Live/reports/ProductionDetailReport/ProdDtl_ExcelDataOnly",
"ProdDtl_FirstArticles","/Epicor10Live/reports/ProductionDetailReport/ProdDtl_FirstArticles",
"ProdDtl_InvoiceActivity","/Epicor10Live/reports/ProductionDetailReport/ProdDtl_InvoiceActivity",
"ProdDtl_JobMtl","/Epicor10Live/reports/ProductionDetailReport/ProdDtl_JobMtl",
"ProdDtl_JobParts","/Epicor10Live/reports/ProductionDetailReport/ProdDtl_JobParts",
"ProdDtl_MfgRcptTransactions","/Epicor10Live/reports/ProductionDetailReport/ProdDtl_MfgRcptTransactions",
"ProdDtl_MtlTransactions","/Epicor10Live/reports/ProductionDetailReport/ProdDtl_MtlTransactions",
"ProdDtl_Operation_Details","/Epicor10Live/reports/ProductionDetailReport/ProdDtl_Operation_Details",
"ProdDtl_QA-ADJ","/Epicor10Live/reports/ProductionDetailReport/ProdDtl_QA-ADJ",
"ProdDtl_QADiscTrans","/Epicor10Live/reports/ProductionDetailReport/ProdDtl_QADiscTrans",
"ProdDtl_SchedulingRes","/Epicor10Live/reports/ProductionDetailReport/ProdDtl_SchedulingRes",
"ProdDtl_ShippingActivity","/Epicor10Live/reports/ProductionDetailReport/ProdDtl_ShippingActivity",
"ProdDtl_ShippingSched","/Epicor10Live/reports/ProductionDetailReport/ProdDtl_ShippingSched",
"ProdDtl_SubContractDetails","/Epicor10Live/reports/ProductionDetailReport/ProdDtl_SubContractDetails",
"HedMscCharge","/Epicor10Live/reports/ProFormaInvc/HedMscCharge",
"Kits","/Epicor10Live/reports/ProFormaInvc/Kits",
"ProFormaInvc","/Epicor10Live/reports/ProFormaInvc/ProFormaInvc",
"Taxes","/Epicor10Live/reports/ProFormaInvc/Taxes",
"ActivityDtlMisc","/Epicor10Live/reports/ProjectBillingInvoice/ActivityDtlMisc",
"BurdenDtl","/Epicor10Live/reports/ProjectBillingInvoice/BurdenDtl",
"FeeDtl","/Epicor10Live/reports/ProjectBillingInvoice/FeeDtl",
"InvoiceDtl","/Epicor10Live/reports/ProjectBillingInvoice/InvoiceDtl",
"PBGInvcRole","/Epicor10Live/reports/ProjectBillingInvoice/PBGInvcRole",
"PBGInvoiceReport","/Epicor10Live/reports/ProjectBillingInvoice/PBGInvoiceReport",
"ProjRevRecEdit","/Epicor10Live/reports/ProjRevRecEdit/ProjRevRecEdit",
"ProjStatRpt","/Epicor10Live/reports/ProjStatRptReport/ProjStatRpt",
"PRQtrTaxReport","/Epicor10Live/reports/PRQtrTaxReport/PRQtrTaxReport",
"PurContSchedRpt","/Epicor10Live/reports/PurchaseContractScheduleReport/PurContSchedRpt",
"PurContSchedRpt_SubReport","/Epicor10Live/reports/PurchaseContractScheduleReport/PurContSchedRpt_SubReport",
"POForm","/Epicor10Live/reports/PurchaseOrderForm/POForm",
"POForm_2","/Epicor10Live/reports/PurchaseOrderForm/POForm_2",
"POForm_3","/Epicor10Live/reports/PurchaseOrderForm/POForm_3",
"POForm_4","/Epicor10Live/reports/PurchaseOrderForm/POForm_4",
"POForm_5","/Epicor10Live/reports/PurchaseOrderForm/POForm_5",
"POForm_5_02082024ck","/Epicor10Live/reports/PurchaseOrderForm/POForm_5_02082024ck",
"POForm_5_02082024ck2","/Epicor10Live/reports/PurchaseOrderForm/POForm_5_02082024ck2",
"POForm_5_02122024ck2","/Epicor10Live/reports/PurchaseOrderForm/POForm_5_02122024ck2",
"POForm_5backup012224","/Epicor10Live/reports/PurchaseOrderForm/POForm_5backup012224",
"POForm_5details","/Epicor10Live/reports/PurchaseOrderForm/POForm_5details",
"POForm_6","/Epicor10Live/reports/PurchaseOrderForm/POForm_6",
"POForm_BOM","/Epicor10Live/reports/PurchaseOrderForm/POForm_BOM",
"POForm_MfgParts","/Epicor10Live/reports/PurchaseOrderForm/POForm_MfgParts",
"POForm_POHeaderTaxes","/Epicor10Live/reports/PurchaseOrderForm/POForm_POHeaderTaxes",
"POForm_POMiscCharges","/Epicor10Live/reports/PurchaseOrderForm/POForm_POMiscCharges",
"POForm_POMiscChargesLines","/Epicor10Live/reports/PurchaseOrderForm/POForm_POMiscChargesLines",
"POForm_POMiscChargesLines2","/Epicor10Live/reports/PurchaseOrderForm/POForm_POMiscChargesLines2",
"POForm_PORelPart","/Epicor10Live/reports/PurchaseOrderForm/POForm_PORelPart",
"POForm_PORelPart_2","/Epicor10Live/reports/PurchaseOrderForm/POForm_PORelPart_2",
"POForm_PORelQty","/Epicor10Live/reports/PurchaseOrderForm/POForm_PORelQty",
"POForm_SupplierParts","/Epicor10Live/reports/PurchaseOrderForm/POForm_SupplierParts",
"POFOrmTermandCondition","/Epicor10Live/reports/PurchaseOrderForm/POFOrmTermandCondition",
"TAC","/Epicor10Live/reports/PurchaseOrderForm/TAC",
"PurchaseRequisition","/Epicor10Live/reports/PurchaseRequisitionReport/PurchaseRequisition",
"QtyVariances","/Epicor10Live/reports/QtyVariances/QtyVariances",
"QuantityAdjInvMovmnt","/Epicor10Live/reports/QuantityAdjInvMovmnt/QuantityAdjInvMovmnt",
"QuoteForm_ContSubReport","/Epicor10Live/reports/QuoteForm/QuoteForm_ContSubReport",
"QuoteForm_RenewalSubReport","/Epicor10Live/reports/QuoteForm/QuoteForm_RenewalSubReport",
"QuotForm","/Epicor10Live/reports/QuoteForm/QuotForm",
"QuotForm_2","/Epicor10Live/reports/QuoteForm/QuotForm_2",
"QuotForm_HeaderMiscCharges","/Epicor10Live/reports/QuoteForm/QuotForm_HeaderMiscCharges",
"QuotForm_LineMiscCharges","/Epicor10Live/reports/QuoteForm/QuotForm_LineMiscCharges",
"QuotForm_QuoteDtlAttributesSubReport","/Epicor10Live/reports/QuoteForm/QuotForm_QuoteDtlAttributesSubReport",
"QuotForm_QuoteQtySubReport","/Epicor10Live/reports/QuoteForm/QuotForm_QuoteQtySubReport",
"QuotForm_QuoteSalesKits","/Epicor10Live/reports/QuoteForm/QuotForm_QuoteSalesKits",
"QuotForm_salesperson","/Epicor10Live/reports/QuoteForm/QuotForm_salesperson",
"QuotForm_Taxes","/Epicor10Live/reports/QuoteForm/QuotForm_Taxes",
"QuoteWS","/Epicor10Live/reports/QuoteWorksheet/QuoteWS",
"QuoteWS_Assemblies","/Epicor10Live/reports/QuoteWorksheet/QuoteWS_Assemblies",
"QuoteWS_AssemblyTotals","/Epicor10Live/reports/QuoteWorksheet/QuoteWS_AssemblyTotals",
"QuoteWS_EstSummary","/Epicor10Live/reports/QuoteWorksheet/QuoteWS_EstSummary",
"QuoteWS_LineMiscCharges","/Epicor10Live/reports/QuoteWorksheet/QuoteWS_LineMiscCharges",
"QuoteWS_Operations","/Epicor10Live/reports/QuoteWorksheet/QuoteWS_Operations",
"QuoteWS_RawMaterials","/Epicor10Live/reports/QuoteWorksheet/QuoteWS_RawMaterials",
"QuoteWS_SubReport","/Epicor10Live/reports/QuoteWorksheet/QuoteWS_SubReport",
"RBCont-S","/Epicor10Live/reports/RebateContractSummary/RBCont-S",
"RebateTrans","/Epicor10Live/reports/RebateTransaction/RebateTrans",
"RebateTrans_AccountRecap","/Epicor10Live/reports/RebateTransaction/RebateTrans_AccountRecap",
"RcvLabel","/Epicor10Live/reports/ReceiptLabels/RcvLabel",
"RcvLabelOLD","/Epicor10Live/reports/ReceiptLabels/RcvLabelOLD",
"RcvLabelOLDsmall","/Epicor10Live/reports/ReceiptLabels/RcvLabelOLDsmall",
"RcvLabel-stillworks","/Epicor10Live/reports/ReceiptLabels/RcvLabel-stillworks",
"RcvLabel-stillworks2","/Epicor10Live/reports/ReceiptLabels/RcvLabel-stillworks2",
"RcvLabel-works","/Epicor10Live/reports/ReceiptLabels/RcvLabel-works",
"Reminder","/Epicor10Live/reports/ReminderLetter/Reminder",
"ReplenishmentMove","/Epicor10Live/reports/ReplenishmentMove/ReplenishmentMove",
"ReportSelCriteria","/Epicor10Live/reports/ReportSelCriteria/ReportSelCriteria",
"RfqForm","/Epicor10Live/reports/RequestForQuoteForm/RfqForm",
"RfqForm_MfgParts","/Epicor10Live/reports/RequestForQuoteForm/RfqForm_MfgParts",
"ResGrpEff","/Epicor10Live/reports/ResGrpEff/ResGrpEff",
"ResGrpEff","/Epicor10Live/reports/ResourceGroupEfficiencyReport/ResGrpEff",
"RMAForm","/Epicor10Live/reports/ReturnMaterialAuthorization/RMAForm",
"RMAFormWith","/Epicor10Live/reports/ReturnMaterialAuthorization/RMAFormWith",
"RMAFormWout","/Epicor10Live/reports/ReturnMaterialAuthorization/RMAFormWout",
"RMAStatusbyRMANumberDebitMemo","/Epicor10Live/reports/ReturnMaterialAuthorization/RMAStatusbyRMANumberDebitMemo",
"RvJrn","/Epicor10Live/reports/ReviewJournalReport/RvJrn",
"RvJrn_ErrorsReport","/Epicor10Live/reports/ReviewJournalReport/RvJrn_ErrorsReport",
"PartComplianceReport","/Epicor10Live/reports/RevisionRoHSComplianceReport/PartComplianceReport",
"PartComplianceReport_Materials","/Epicor10Live/reports/RevisionRoHSComplianceReport/PartComplianceReport_Materials",
"PartComplianceReport_Operations","/Epicor10Live/reports/RevisionRoHSComplianceReport/PartComplianceReport_Operations",
"PartComplianceReport_Substances","/Epicor10Live/reports/RevisionRoHSComplianceReport/PartComplianceReport_Substances",
"RMAFormWith","/Epicor10Live/reports/RMAtest/RMAFormWith",
"RMAFormWout","/Epicor10Live/reports/RMAtest/RMAFormWout",
"RMAPacking","/Epicor10Live/reports/RMAtest/RMAPacking",
"RMAPackingWithOut","/Epicor10Live/reports/RMAtest/RMAPackingWithOut",
"CommisionSub-Date","/Epicor10Live/reports/RptCommission/CommisionSub-Date",
"CommisionSub-Ordernum","/Epicor10Live/reports/RptCommission/CommisionSub-Ordernum",
"CommisionSub-ProjNum","/Epicor10Live/reports/RptCommission/CommisionSub-ProjNum",
"CommisionSub-SplrID","/Epicor10Live/reports/RptCommission/CommisionSub-SplrID",
"Commission","/Epicor10Live/reports/RptCommission/Commission",
"SalesAnalysis","/Epicor10Live/reports/SalesAnalysis/SalesAnalysis",
"SOBacklog","/Epicor10Live/reports/SalesBacklogReport/SOBacklog",
"SGMargin","/Epicor10Live/reports/SalesGrossMarginReport/SGMargin",
"ExcelDataOnly_499F057B","/Epicor10Live/reports/SalesOrderAcknowledgement/ExcelDataOnly_499F057B",
"ExcelDataOnly_9FE24FD6","/Epicor10Live/reports/SalesOrderAcknowledgement/ExcelDataOnly_9FE24FD6",
"ExcelDataOnly_CB17A155","/Epicor10Live/reports/SalesOrderAcknowledgement/ExcelDataOnly_CB17A155",
"ExcelDataOnly_D045CF55","/Epicor10Live/reports/SalesOrderAcknowledgement/ExcelDataOnly_D045CF55",
"ExcelDataOnly_D24D0591","/Epicor10Live/reports/SalesOrderAcknowledgement/ExcelDataOnly_D24D0591",
"ExcelDataOnly_F4BE7047","/Epicor10Live/reports/SalesOrderAcknowledgement/ExcelDataOnly_F4BE7047",
"FSASummary_subreport","/Epicor10Live/reports/SalesOrderAcknowledgement/FSASummary_subreport",
"ShipDate","/Epicor10Live/reports/SalesOrderAcknowledgement/ShipDate",
"SOForm","/Epicor10Live/reports/SalesOrderAcknowledgement/SOForm",
"SOForm_2","/Epicor10Live/reports/SalesOrderAcknowledgement/SOForm_2",
"SOForm_3","/Epicor10Live/reports/SalesOrderAcknowledgement/SOForm_3",
"SOForm_31","/Epicor10Live/reports/SalesOrderAcknowledgement/SOForm_31",
"SOForm_ExcelDataOnly","/Epicor10Live/reports/SalesOrderAcknowledgement/SOForm_ExcelDataOnly",
"SOForm_KitComponents","/Epicor10Live/reports/SalesOrderAcknowledgement/SOForm_KitComponents",
"SOForm_OLMscCharge","/Epicor10Live/reports/SalesOrderAcknowledgement/SOForm_OLMscCharge",
"SOForm_OrderMscCharge","/Epicor10Live/reports/SalesOrderAcknowledgement/SOForm_OrderMscCharge",
"SOForm_subreport","/Epicor10Live/reports/SalesOrderAcknowledgement/SOForm_subreport",
"Taxes","/Epicor10Live/reports/SalesOrderAcknowledgement/Taxes",
"TOBillAddress","/Epicor10Live/reports/SalesOrderAcknowledgement/TOBillAddress",
"SalesOrderOnHold","/Epicor10Live/reports/SalesOrderOnHold/SalesOrderOnHold",
"ContactDetails","/Epicor10Live/reports/SalesOrderPickList/ContactDetails",
"SOPickL","/Epicor10Live/reports/SalesOrderPickList/SOPickL",
"SOPickL_KitSubReport","/Epicor10Live/reports/SalesOrderPickList/SOPickL_KitSubReport",
"SOPickL_QtyOnhand","/Epicor10Live/reports/SalesOrderPickList/SOPickL_QtyOnhand",
"SOPickL_QtyOnHandKits","/Epicor10Live/reports/SalesOrderPickList/SOPickL_QtyOnHandKits",
"SOPickterms","/Epicor10Live/reports/SalesOrderPickList/SOPickterms",
"ExcelDataOnly_4BD75B00","/Epicor10Live/Reports/SalesTaxReport/ExcelDataOnly_4BD75B00",
"ExcelDataOnly_C44F713A","/Epicor10Live/Reports/SalesTaxReport/ExcelDataOnly_C44F713A",
"Exempt","/Epicor10Live/reports/SalesTaxReport/Exempt",
"SalesTaxReport","/Epicor10Live/reports/SalesTaxReport/SalesTaxReport",
"SalesTaxReport_ExcelDataOnly","/Epicor10Live/Reports/SalesTaxReport/SalesTaxReport_ExcelDataOnly",
"TaxForm","/Epicor10Live/reports/SalesTaxStatement/TaxForm",
"SalesTerritory","/Epicor10Live/reports/SalesTerritory/SalesTerritory",
"SchedShip","/Epicor10Live/reports/ScheduledShipmentsReport/SchedShip",
"SchedShip_Transfer Orders","/Epicor10Live/reports/ScheduledShipmentsReport/SchedShip_Transfer Orders",
"ScheduleImpactReport","/Epicor10Live/reports/ScheduleImpactReport/ScheduleImpactReport",
"SESales","/Epicor10Live/reports/SE/SESales/SESales",
"ServContAnal","/Epicor10Live/reports/ServContAnal/ServContAnal",
"ServContCalls","/Epicor10Live/reports/ServContAnal/ServContCalls",
"SubServContAnalByCode","/Epicor10Live/reports/ServContAnal/SubServContAnalByCode",
"Assembly","/Epicor10Live/reports/ServiceCallStatus/Assembly",
"Material","/Epicor10Live/reports/ServiceCallStatus/Material",
"MiscCharge","/Epicor10Live/reports/ServiceCallStatus/MiscCharge",
"Service","/Epicor10Live/reports/ServiceCallStatus/Service",
"ServiceCallStatus","/Epicor10Live/reports/ServiceCallStatus/ServiceCallStatus",
"Technician","/Epicor10Live/reports/ServiceCallStatus/Technician",
"ServiceContractStat","/Epicor10Live/reports/ServiceContractStat/ServiceContractStat",
"FSCallDtl","/Epicor10Live/reports/ServTechDispRpt/FSCallDtl",
"ServTechDispRpt","/Epicor10Live/reports/ServTechDispRpt/ServTechDispRpt",
"SessionAudit","/Epicor10Live/reports/SessionAudit/SessionAudit",
"SettlementVAT","/Epicor10Live/reports/SettlementTaxInvoicesOutstanding/SettlementVAT",
"CustomerTotals","/Epicor10Live/reports/ShippedSubstancesReport/CustomerTotals",
"PackSlipsTotal","/Epicor10Live/reports/ShippedSubstancesReport/PackSlipsTotal",
"ShipSubstances","/Epicor10Live/reports/ShippedSubstancesReport/ShipSubstances",
"ShipLabl","/Epicor10Live/reports/ShippingLabels/ShipLabl",
"ShipLablnobox","/Epicor10Live/reports/ShippingLabels/ShipLablnobox",
"ShopLoadReport","/Epicor10Live/reports/ShopLoadReport/ShopLoadReport",
"SlowMovingStock","/Epicor10Live/reports/SlowMovingStockReport/SlowMovingStock",
"ARPromissoryNote","/Epicor10Live/reports/StatementOfAccount/ARPromissoryNote",
"CustSt","/Epicor10Live/reports/StatementOfAccount/CustSt",
"CustSt_2","/Epicor10Live/reports/StatementOfAccount/CustSt_2",
"CustSt_3","/Epicor10Live/reports/StatementOfAccount/CustSt_3",
"CustSt_4","/Epicor10Live/reports/StatementOfAccount/CustSt_4",
"CustSt_tmpCustomerBalance","/Epicor10Live/reports/StatementOfAccount/CustSt_tmpCustomerBalance",
"CustSt_Total","/Epicor10Live/reports/StatementOfAccount/CustSt_Total",
"StockAgingReport","/Epicor10Live/reports/StockAgingReport/StockAgingReport",
"StockMoveReport","/Epicor10Live/reports/StockMoveReport/StockMoveReport",
"ExcelDataOnly_58181B52","/Epicor10Live/reports/StockStatusReport/ExcelDataOnly_58181B52",
"ExcelDataOnly_94B2F226","/Epicor10Live/reports/StockStatusReport/ExcelDataOnly_94B2F226",
"ExcelDataOnly_AC18B151","/Epicor10Live/reports/StockStatusReport/ExcelDataOnly_AC18B151",
"StockStatus","/Epicor10Live/reports/StockStatusReport/StockStatus",
"StockStatus_Activity","/Epicor10Live/reports/StockStatusReport/StockStatus_Activity",
"StockStatus_AttributeSetData","/Epicor10Live/reports/StockStatusReport/StockStatus_AttributeSetData",
"StockStatus_ExcelDataOnly","/Epicor10Live/reports/StockStatusReport/StockStatus_ExcelDataOnly",
"StockStatus_PartClass","/Epicor10Live/reports/StockStatusReport/StockStatus_PartClass",
"SubCPack","/Epicor10Live/reports/SubcontractorPackingSlip/SubCPack",
"SubCShip","/Epicor10Live/reports/SubcontractorShippingLabel/SubCShip",
"JobOperPOs","/Epicor10Live/reports/SubcontractStatReport/JobOperPOs",
"SubcontractStatReport","/Epicor10Live/reports/SubcontractStatReport/SubcontractStatReport",
"SubmissionProp","/Epicor10Live/reports/SubmissionProp/SubmissionProp",
"SubstWhereUsedReport","/Epicor10Live/reports/SubstanceWhereUsedReport/SubstWhereUsedReport",
"SubstWhereUsedReport_Materials","/Epicor10Live/reports/SubstanceWhereUsedReport/SubstWhereUsedReport_Materials",
"SubstWhereUsedReport_Operations","/Epicor10Live/reports/SubstanceWhereUsedReport/SubstWhereUsedReport_Operations",
"SubstWhereUsedReport_PartRestrictions","/Epicor10Live/reports/SubstanceWhereUsedReport/SubstWhereUsedReport_PartRestrictions",
"SubstWhereUsedReport_RestrictionHead","/Epicor10Live/reports/SubstanceWhereUsedReport/SubstWhereUsedReport_RestrictionHead",
"SubstWhereUsedReport_SubstanceHead","/Epicor10Live/reports/SubstanceWhereUsedReport/SubstWhereUsedReport_SubstanceHead",
"BOMSummarized","/Epicor10Live/reports/SummarizedBOMRequirements/BOMSummarized",
"BOMSummarized_PartBin","/Epicor10Live/reports/SummarizedBOMRequirements/BOMSummarized_PartBin",
"SupplierPaymentRpt","/Epicor10Live/reports/SupplierPaymentRpt/SupplierPaymentRpt",
"SupplierPeriodBalance","/Epicor10Live/reports/SupplierPeriodBalance/SupplierPeriodBalance",
"SupplierStatement","/Epicor10Live/reports/SupplierStatement/SupplierStatement",
"SupplierStatement_ExcelDataOnly","/Epicor10Live/reports/SupplierStatement/SupplierStatement_ExcelDataOnly",
"TaxBoxRpt","/Epicor10Live/reports/TaxBox/TaxBoxRpt",
"TaxBoxConfigReport","/Epicor10Live/reports/TaxBoxConfigReport/TaxBoxConfigReport",
"WithholdCert","/Epicor10Live/reports/TaxCertificate/WithholdCert",
"TaxGLJrnReconciliation","/Epicor10Live/reports/TaxGLJrnReconciliation/TaxGLJrnReconciliation",
"TaxReconciliation","/Epicor10Live/reports/TaxReconciliation/TaxReconciliation",
"TaxReconciliationExt","/Epicor10Live/reports/TaxReconciliation/TaxReconciliationExt",
"TaxReport","/Epicor10Live/reports/TaxReportEditList/TaxReport",
"TaxValidationStatusReport","/Epicor10Live/reports/TaxValidationStatusReport/TaxValidationStatusReport",
"THAPLegalNumber","/Epicor10Live/reports/TH/THAPLegalNumber/THAPLegalNumber",
"THARLegalNumber","/Epicor10Live/reports/TH/THARLegalNumber/THARLegalNumber",
"THARTaxRecRep","/Epicor10Live/reports/TH/THARTaxRecRep/THARTaxRecRep",
"THBOMListing","/Epicor10Live/reports/TH/THBillOfMaterialReport/THBOMListing",
"THBOMListing_RefDes","/Epicor10Live/reports/TH/THBillOfMaterialReport/THBOMListing_RefDes",
"THLocAPInvPost","/Epicor10Live/reports/TH/THLocAPInvPost/THLocAPInvPost",
"THLocAPPayPost","/Epicor10Live/reports/TH/THLocAPPayPost/THLocAPPayPost",
"THLocARInvPost","/Epicor10Live/reports/TH/THLocARInvPost/THLocARInvPost",
"THLocCashRPost","/Epicor10Live/reports/TH/THLocCashRPost/THLocCashRPost",
"THLocGLJrnPost","/Epicor10Live/reports/TH/THLocGLJrnPost/THLocGLJrnPost",
"THLocMonthlyVAT","/Epicor10Live/reports/TH/THLocMonthlyVAT/THLocMonthlyVAT",
"THLocWHTCert","/Epicor10Live/reports/TH/THLocWHTCert/THLocWHTCert",
"THLocWHTCertENU","/Epicor10Live/reports/TH/THLocWHTCertENU/THLocWHTCertENU",
"THLocWHTCertPND50","/Epicor10Live/reports/TH/THLocWHTCertPND50/THLocWHTCertPND50",
"THLocWHTRep","/Epicor10Live/reports/TH/THLocWHTRep/THLocWHTRep",
"THStockRep","/Epicor10Live/reports/TH/THStockRep/THStockRep",
"THTaxInvoice","/Epicor10Live/reports/TH/THTaxInvoice/THTaxInvoice",
"TimeBookingException","/Epicor10Live/reports/TimeBookingException/TimeBookingException",
"ExcelDataOnly_BD786968","/Epicor10Live/reports/TimePhasedMaterialRequirements/ExcelDataOnly_BD786968",
"TimePhase","/Epicor10Live/reports/TimePhasedMaterialRequirements/TimePhase",
"TimePhase_ExcelDataOnly","/Epicor10Live/reports/TimePhasedMaterialRequirements/TimePhase_ExcelDataOnly",
"TimePhase_LotDim","/Epicor10Live/reports/TimePhasedMaterialRequirements/TimePhase_LotDim",
"TimePhaseWDwg","/Epicor10Live/reports/TimePhasedMaterialRequirements/TimePhaseWDwg",
"TimePhaseWoDWG","/Epicor10Live/reports/TimePhasedMaterialRequirements/TimePhaseWoDWG",
"TimeReport","/Epicor10Live/reports/TimeReport/TimeReport",
"TOPickList","/Epicor10Live/reports/TransferOrderPickingList/TOPickList",
"TOPackSlip","/Epicor10Live/reports/TransferPack/TOPackSlip",
"ExcelDataOnly_5AB80E01","/Epicor10Live/reports/TrialBalanceReport/ExcelDataOnly_5AB80E01",
"GLTBRpt","/Epicor10Live/reports/TrialBalanceReport/GLTBRpt",
"GLTBRpt_ExcelDataOnly","/Epicor10Live/reports/TrialBalanceReport/GLTBRpt_ExcelDataOnly",
"TrOrdRecRpt","/Epicor10Live/reports/TrOrdrRecRpt/TrOrdRecRpt",
"TrOrdRecRpt_SNTran","/Epicor10Live/reports/TrOrdrRecRpt/TrOrdRecRpt_SNTran",
"GUIAPCheckList","/Epicor10Live/reports/TW/GUIAPCheckList/GUIAPCheckList",
"GUIARCheckList","/Epicor10Live/reports/TW/GUIARCheckList/GUIARCheckList",
"TWAPDebitMemo","/Epicor10Live/reports/TW/TWAPDebitMemo/TWAPDebitMemo",
"TWAPInvList","/Epicor10Live/reports/TW/TWAPInvList/TWAPInvList",
"TWARCompInvoice","/Epicor10Live/reports/TW/TWARCompInvoice/TWARCompInvoice",
"TWAREInvoice","/Epicor10Live/reports/TW/TWAREInvoice/TWAREInvoice",
"TWARGUI","/Epicor10Live/reports/TW/TWARGUI/TWARGUI",
"TWARInvList","/Epicor10Live/reports/TW/TWARInvList/TWARInvList",
"TWARZeroRatedSalesList","/Epicor10Live/reports/TW/TWARZeroRatedSalesList/TWARZeroRatedSalesList",
"TWBookVoucher","/Epicor10Live/reports/TW/TWBookVoucher/TWBookVoucher",
"TWBookVoucherFC","/Epicor10Live/reports/TW/TWBookVoucherFC/TWBookVoucherFC",
"SOForm","/Epicor10Live/reports/TW/TWSalesOrderAcknowledgement/SOForm",
"SOForm_KitComponents","/Epicor10Live/reports/TW/TWSalesOrderAcknowledgement/SOForm_KitComponents",
"SOForm_OLMscCharge","/Epicor10Live/reports/TW/TWSalesOrderAcknowledgement/SOForm_OLMscCharge",
"SOForm_OrderMscCharge","/Epicor10Live/reports/TW/TWSalesOrderAcknowledgement/SOForm_OrderMscCharge",
"SOForm_subreport","/Epicor10Live/reports/TW/TWSalesOrderAcknowledgement/SOForm_subreport",
"TWVoidBlankLNList","/Epicor10Live/reports/TW/TWVoidBlankLNList/TWVoidBlankLNList",
"US-Print1096Form","/Epicor10Live/reports/US/US-Print1096Form/US-Print1096Form",
"US-Print1096Form2018","/Epicor10Live/reports/US/US-Print1096Form/US-Print1096Form2018",
"US-Print1096Form2019","/Epicor10Live/reports/US/US-Print1096Form/US-Print1096Form2019",
"US-Print1096Form2020","/Epicor10Live/reports/US/US-Print1096Form/US-Print1096Form2020",
"US-PrtAP1099","/Epicor10Live/reports/US/US-PrtAP1099/US-PrtAP1099",
"US-PrtAP1099-2020","/Epicor10Live/reports/US/US-PrtAP1099-2020/US-PrtAP1099-2020",
"US-PrtAP1099-DIV","/Epicor10Live/reports/US/US-PrtAP1099-DIV/US-PrtAP1099-DIV",
"US-PrtAP1099-INT","/Epicor10Live/reports/US/US-PrtAP1099-INT/US-PrtAP1099-INT",
"US-PrtAP1099-K-2018","/Epicor10Live/reports/US/US-PrtAP1099-K/US-PrtAP1099-K-2018",
"US-PrtAP1099-NEC","/Epicor10Live/reports/US/US-PrtAP1099-NEC/US-PrtAP1099-NEC",
"US-PrtAP1099-NEC-2021","/Epicor10Live/reports/US/US-PrtAP1099-NEC/US-PrtAP1099-NEC-2021",
"USBoxTotals","/Epicor10Live/reports/US/USRepSup1099/USBoxTotals",
"USRepSup1099","/Epicor10Live/reports/US/USRepSup1099/USRepSup1099",
"USTINValidationExport","/Epicor10Live/reports/US/USTINValidationExport/USTINValidationExport",
"USTINValidationResult","/Epicor10Live/reports/US/USTINValidationResult/USTINValidationResult",
"UserGroupReport","/Epicor10Live/reports/UserGroupReport/UserGroupReport",
"UserGroupReport_Groups","/Epicor10Live/reports/UserGroupReport/UserGroupReport_Groups",
"UserGroupReport_SecGroup","/Epicor10Live/reports/UserGroupReport/UserGroupReport_SecGroup",
"UserGroupReport_UserFile","/Epicor10Live/reports/UserGroupReport/UserGroupReport_UserFile",
"UserGroupReport_Users","/Epicor10Live/reports/UserGroupReport/UserGroupReport_Users",
"UseTaxReport","/Epicor10Live/reports/UseTaxReport/UseTaxReport",
"UVTagsReport","/Epicor10Live/reports/UVTagsReport/UVTagsReport",
"VATTaxJrnRpt","/Epicor10Live/reports/VATTaxJrnRpt/VATTaxJrnRpt",
"SupplierManufacturerRpt","/Epicor10Live/reports/VendPriceReport/SupplierManufacturerRpt",
"VendPriceReport","/Epicor10Live/reports/VendPriceReport/VendPriceReport",
"VNCashOnHand","/Epicor10Live/reports/VN/VNCashOnHand/VNCashOnHand",
"VNDICashInBank","/Epicor10Live/reports/VN/VNDICashInBank/VNDICashInBank",
"VNGLReport","/Epicor10Live/reports/VN/VNGLReport/VNGLReport",
"VNInventoryCard","/Epicor10Live/reports/VN/VNInventoryCard/VNInventoryCard",
"VNMEAllocList","/Epicor10Live/reports/VN/VNMEAllocList/VNMEAllocList",
"VNMEAllocSetupList","/Epicor10Live/reports/VN/VNMEAllocSetupList/VNMEAllocSetupList",
"VNPurchaseDoc","/Epicor10Live/reports/VN/VNPurchaseDoc/VNPurchaseDoc",
"VNPurInvList","/Epicor10Live/reports/VN/VNPurInvList/VNPurInvList",
"VNSaleListRpt","/Epicor10Live/reports/VN/VNSaleListRpt/VNSaleListRpt",
"VNSITransfer","/Epicor10Live/reports/VN/VNSITransfer/VNSITransfer",
"VNTaxInvoice","/Epicor10Live/reports/VN/VNTaxInvoice/VNTaxInvoice",
"VNTGLFinancialReport","/Epicor10Live/reports/VN/VNTGLFinancialReport/VNTGLFinancialReport",
"VoidLegalNumFolios","/Epicor10Live/reports/VoidedLegalNumbers/VoidLegalNumFolios",
"W2EditListReport","/Epicor10Live/reports/W2EditListReport/W2EditListReport",
"W2Form","/Epicor10Live/reports/W2Form/W2Form",
"WarrantyStatus","/Epicor10Live/reports/WarrantyStatus/WarrantyStatus",
"WarrantyStatusByCustomer","/Epicor10Live/reports/WarrantyStatus/WarrantyStatusByCustomer",
"WarrantyStatusByPart","/Epicor10Live/reports/WarrantyStatus/WarrantyStatusByPart",
"WhereUsedReport","/Epicor10Live/reports/WhereUsedReport/WhereUsedReport",
"WHTPaymentRpt","/Epicor10Live/reports/WHTPaymentRpt/WHTPaymentRpt",
"WHTPaymentSbRpt","/Epicor10Live/reports/WHTPaymentSbRpt/WHTPaymentSbRpt",
"WIPReport","/Epicor10Live/reports/WIPReport/WIPReport",
"WIPReport_ExcelDataOnly","/Epicor10Live/reports/WIPReport/WIPReport_ExcelDataOnly",
"WorkerCompRep","/Epicor10Live/reports/WorkerCompRep/WorkerCompRep",
"FSCallCenter","/Epicor10Live/reports/WrntyAnlyReport/FSCallCenter",
"WrntyAnlyReport","/Epicor10Live/reports/WrntyAnlyReport/WrntyAnlyReport",
"YTDLoadEditList","/Epicor10Live/reports/YTDLoadEditList/YTDLoadEditList",
"YTDTotals","/Epicor10Live/reports/YTDLoadEditList/YTDTotals",
